,Mobility Profile
2016-01-01 00:00:00+00:00,48400.90669946805
2016-01-01 00:01:00+00:00,58215.88204967518
2016-01-01 00:02:00+00:00,74068.18835934225
2016-01-01 00:03:00+00:00,65044.69212139206
2016-01-01 00:04:00+00:00,48430.59044888109
2016-01-01 00:05:00+00:00,48430.59480632109
2016-01-01 00:06:00+00:00,64198.39873461385
2016-01-01 00:07:00+00:00,57654.29287377066
2016-01-01 00:08:00+00:00,57654.29723121066
2016-01-01 00:09:00+00:00,75713.1337549499
2016-01-01 00:10:00+00:00,67432.78765228961
2016-01-01 00:11:00+00:00,65257.521595005
2016-01-01 00:12:00+00:00,66427.7881239408
2016-01-01 00:13:00+00:00,50133.04864450093
2016-01-01 00:14:00+00:00,50133.05082322093
2016-01-01 00:15:00+00:00,39952.85385358706
2016-01-01 00:16:00+00:00,39884.03261875517
2016-01-01 00:17:00+00:00,31780.403057392752
2016-01-01 00:18:00+00:00,31780.40523611275
2016-01-01 00:19:00+00:00,48357.01030976806
2016-01-01 00:20:00+00:00,43716.66701989912
2016-01-01 00:21:00+00:00,55004.83191553843
2016-01-01 00:22:00+00:00,46324.639831565335
2016-01-01 00:23:00+00:00,58309.53595550297
2016-01-01 00:24:00+00:00,68710.30151132656
2016-01-01 00:25:00+00:00,77342.32088557814
2016-01-01 00:26:00+00:00,85758.57108021966
2016-01-01 00:27:00+00:00,93438.34749204005
2016-01-01 00:28:00+00:00,81985.01890663434
2016-01-01 00:29:00+00:00,74389.68756173577
2016-01-01 00:30:00+00:00,55190.79690629873
2016-01-01 00:31:00+00:00,55190.79690629873
2016-01-01 00:32:00+00:00,53958.803725205675
2016-01-01 00:33:00+00:00,49166.04162152052
2016-01-01 00:34:00+00:00,40534.022247268964
2016-01-01 00:35:00+00:00,32117.772052627413
2016-01-01 00:36:00+00:00,40613.98417918619
2016-01-01 00:37:00+00:00,40613.98417918619
2016-01-01 00:38:00+00:00,57053.11766915766
2016-01-01 00:39:00+00:00,60020.04553634716
2016-01-01 00:40:00+00:00,55826.965964047406
2016-01-01 00:41:00+00:00,54177.0451536038
2016-01-01 00:42:00+00:00,63113.597373090815
2016-01-01 00:43:00+00:00,80122.2796378552
2016-01-01 00:44:00+00:00,80907.68608256622
2016-01-01 00:45:00+00:00,80907.68608256622
2016-01-01 00:46:00+00:00,65258.69818557052
2016-01-01 00:47:00+00:00,74472.2932020276
2016-01-01 00:48:00+00:00,95267.47466373886
2016-01-01 00:49:00+00:00,92382.89185858188
2016-01-01 00:50:00+00:00,82062.32157249725
2016-01-01 00:51:00+00:00,74801.33417826678
2016-01-01 00:52:00+00:00,51495.771746179256
2016-01-01 00:53:00+00:00,41748.076875645325
2016-01-01 00:54:00+00:00,41748.076875645325
2016-01-01 00:55:00+00:00,43489.052135017286
2016-01-01 00:56:00+00:00,23800.845942933585
2016-01-01 00:57:00+00:00,31050.174742942025
2016-01-01 00:58:00+00:00,40681.093182481905
2016-01-01 00:59:00+00:00,56362.82742101104
2016-01-01 01:00:00+00:00,61859.880271325674
2016-01-01 01:01:00+00:00,61881.458771089856
2016-01-01 01:02:00+00:00,61881.458771089856
2016-01-01 01:03:00+00:00,105093.61331432941
2016-01-01 01:04:00+00:00,112753.38230021278
2016-01-01 01:05:00+00:00,123268.91741800007
2016-01-01 01:06:00+00:00,133615.67024655745
2016-01-01 01:07:00+00:00,132517.91404693347
2016-01-01 01:08:00+00:00,125266.05647320101
2016-01-01 01:09:00+00:00,136673.5432070154
2016-01-01 01:10:00+00:00,126812.44182510373
2016-01-01 01:11:00+00:00,154048.47244999223
2016-01-01 01:12:00+00:00,143943.1727731162
2016-01-01 01:13:00+00:00,135818.16040299885
2016-01-01 01:14:00+00:00,116871.17936825978
2016-01-01 01:15:00+00:00,118823.16045476815
2016-01-01 01:16:00+00:00,116201.79600626799
2016-01-01 01:17:00+00:00,115790.90681709979
2016-01-01 01:18:00+00:00,90657.51376296901
2016-01-01 01:19:00+00:00,106628.07378947467
2016-01-01 01:20:00+00:00,87173.31902767479
2016-01-01 01:21:00+00:00,88181.51537911205
2016-01-01 01:22:00+00:00,79067.4517803087
2016-01-01 01:23:00+00:00,82863.47674539167
2016-01-01 01:24:00+00:00,82863.47674539167
2016-01-01 01:25:00+00:00,80876.91209536674
2016-01-01 01:26:00+00:00,97193.86014086466
2016-01-01 01:27:00+00:00,81530.89321281425
2016-01-01 01:28:00+00:00,89614.6886059292
2016-01-01 01:29:00+00:00,66372.6059465334
2016-01-01 01:30:00+00:00,46083.98802130012
2016-01-01 01:31:00+00:00,46083.98802130012
2016-01-01 01:32:00+00:00,46083.98802130012
2016-01-01 01:33:00+00:00,46083.98802130012
2016-01-01 01:34:00+00:00,53378.36011074213
2016-01-01 01:35:00+00:00,54310.04691675907
2016-01-01 01:36:00+00:00,39439.95860820698
2016-01-01 01:37:00+00:00,39957.609581721306
2016-01-01 01:38:00+00:00,74093.19020892857
2016-01-01 01:39:00+00:00,74093.19020892857
2016-01-01 01:40:00+00:00,74093.19020892857
2016-01-01 01:41:00+00:00,83302.21186212004
2016-01-01 01:42:00+00:00,84180.71998278749
2016-01-01 01:43:00+00:00,84180.71998278749
2016-01-01 01:44:00+00:00,105746.91278860322
2016-01-01 01:45:00+00:00,113549.22584267046
2016-01-01 01:46:00+00:00,88165.62600298737
2016-01-01 01:47:00+00:00,77340.62794382322
2016-01-01 01:48:00+00:00,67998.23413978919
2016-01-01 01:49:00+00:00,61286.182498068025
2016-01-01 01:50:00+00:00,55051.60658515364
2016-01-01 01:51:00+00:00,46943.75171281538
2016-01-01 01:52:00+00:00,31847.530013103253
2016-01-01 01:53:00+00:00,23971.20034545948
2016-01-01 01:54:00+00:00,26362.038950164355
2016-01-01 01:55:00+00:00,34393.43764372108
2016-01-01 01:56:00+00:00,34393.43764372108
2016-01-01 01:57:00+00:00,34393.43764372108
2016-01-01 01:58:00+00:00,40431.01659950437
2016-01-01 01:59:00+00:00,66721.352632936
2016-01-01 02:00:00+00:00,57692.483799299196
2016-01-01 02:01:00+00:00,76162.14846071468
2016-01-01 02:02:00+00:00,82379.47450151597
2016-01-01 02:03:00+00:00,90185.86858563867
2016-01-01 02:04:00+00:00,82151.37448634194
2016-01-01 02:05:00+00:00,88495.62293995301
2016-01-01 02:06:00+00:00,99661.3669032627
2016-01-01 02:07:00+00:00,115132.34685691912
2016-01-01 02:08:00+00:00,112976.00823155591
2016-01-01 02:09:00+00:00,106241.72600387978
2016-01-01 02:10:00+00:00,135493.9533101881
2016-01-01 02:11:00+00:00,142681.04172143468
2016-01-01 02:12:00+00:00,131120.43756824933
2016-01-01 02:13:00+00:00,122143.09744904413
2016-01-01 02:14:00+00:00,130072.3872973085
2016-01-01 02:15:00+00:00,103196.83072891507
2016-01-01 02:16:00+00:00,84650.74277714809
2016-01-01 02:17:00+00:00,84650.74277714809
2016-01-01 02:18:00+00:00,65881.56802760858
2016-01-01 02:19:00+00:00,57618.25883693279
2016-01-01 02:20:00+00:00,29349.106998391435
2016-01-01 02:21:00+00:00,22162.018587144907
2016-01-01 02:22:00+00:00,30294.61146761973
2016-01-01 02:23:00+00:00,40525.63651257279
2016-01-01 02:24:00+00:00,40525.63651257279
2016-01-01 02:25:00+00:00,26333.701805101104
2016-01-01 02:26:00+00:00,26333.701805101104
2016-01-01 02:27:00+00:00,35762.61632177342
2016-01-01 02:28:00+00:00,46011.25006323151
2016-01-01 02:29:00+00:00,51272.062493685866
2016-01-01 02:30:00+00:00,51272.062493685866
2016-01-01 02:31:00+00:00,51272.062493685866
2016-01-01 02:32:00+00:00,76942.49583932466
2016-01-01 02:33:00+00:00,78176.95940058671
2016-01-01 02:34:00+00:00,78176.95940058671
2016-01-01 02:35:00+00:00,78176.95940058671
2016-01-01 02:36:00+00:00,74425.92503181087
2016-01-01 02:37:00+00:00,63115.60113126485
2016-01-01 02:38:00+00:00,73731.39349180723
2016-01-01 02:39:00+00:00,80760.37223429536
2016-01-01 02:40:00+00:00,70529.7976207254
2016-01-01 02:41:00+00:00,70529.7976207254
2016-01-01 02:42:00+00:00,90770.32615019854
2016-01-01 02:43:00+00:00,84195.38990171367
2016-01-01 02:44:00+00:00,92046.20285348194
2016-01-01 02:45:00+00:00,85004.38011889141
2016-01-01 02:46:00+00:00,101328.55184958428
2016-01-01 02:47:00+00:00,101328.55184958428
2016-01-01 02:48:00+00:00,85481.16643038037
2016-01-01 02:49:00+00:00,86740.81376444123
2016-01-01 02:50:00+00:00,87604.95449733631
2016-01-01 02:51:00+00:00,90063.2521300228
2016-01-01 02:52:00+00:00,81908.36228204184
2016-01-01 02:53:00+00:00,98600.93912180355
2016-01-01 02:54:00+00:00,98149.28984842455
2016-01-01 02:55:00+00:00,117551.50392512896
2016-01-01 02:56:00+00:00,106805.3580891158
2016-01-01 02:57:00+00:00,109225.45710768107
2016-01-01 02:58:00+00:00,110568.1672533692
2016-01-01 02:59:00+00:00,101398.3021783889
2016-01-01 03:00:00+00:00,102511.99968387281
2016-01-01 03:01:00+00:00,94789.84034228792
2016-01-01 03:02:00+00:00,86716.53005391551
2016-01-01 03:03:00+00:00,89562.54344026445
2016-01-01 03:04:00+00:00,70766.42412639968
2016-01-01 03:05:00+00:00,49091.07967020719
2016-01-01 03:06:00+00:00,40526.08938074696
2016-01-01 03:07:00+00:00,41740.405275748206
2016-01-01 03:08:00+00:00,41740.405275748206
2016-01-01 03:09:00+00:00,41740.405275748206
2016-01-01 03:10:00+00:00,68025.8722594574
2016-01-01 03:11:00+00:00,66016.9625478749
2016-01-01 03:12:00+00:00,50953.2208064772
2016-01-01 03:13:00+00:00,49530.272148934506
2016-01-01 03:14:00+00:00,60630.617831590745
2016-01-01 03:15:00+00:00,60630.617831590745
2016-01-01 03:16:00+00:00,59755.19513605403
2016-01-01 03:17:00+00:00,70708.8350227646
2016-01-01 03:18:00+00:00,77262.02902412013
2016-01-01 03:19:00+00:00,92376.49318883455
2016-01-01 03:20:00+00:00,110059.54703745013
2016-01-01 03:21:00+00:00,118090.06368985942
2016-01-01 03:22:00+00:00,135720.80220039655
2016-01-01 03:23:00+00:00,124912.29859907241
2016-01-01 03:24:00+00:00,118417.5741582786
2016-01-01 03:25:00+00:00,126554.19449088906
2016-01-01 03:26:00+00:00,122115.05392387674
2016-01-01 03:27:00+00:00,136442.68237459255
2016-01-01 03:28:00+00:00,127025.58391636708
2016-01-01 03:29:00+00:00,76820.99042497257
2016-01-01 03:30:00+00:00,79451.82208849116
2016-01-01 03:31:00+00:00,86118.86058092976
2016-01-01 03:32:00+00:00,94216.1192263424
2016-01-01 03:33:00+00:00,78373.02283935141
2016-01-01 03:34:00+00:00,78373.02283935141
2016-01-01 03:35:00+00:00,86217.98138940737
2016-01-01 03:36:00+00:00,79423.811869136
2016-01-01 03:37:00+00:00,65345.55236576222
2016-01-01 03:38:00+00:00,65345.55236576222
2016-01-01 03:39:00+00:00,54257.61841343558
2016-01-01 03:40:00+00:00,68664.8584456341
2016-01-01 03:41:00+00:00,52780.712348228764
2016-01-01 03:42:00+00:00,60558.027667688286
2016-01-01 03:43:00+00:00,60558.027667688286
2016-01-01 03:44:00+00:00,70468.95516344131
2016-01-01 03:45:00+00:00,89534.273818332
2016-01-01 03:46:00+00:00,89534.273818332
2016-01-01 03:47:00+00:00,90515.83563261242
2016-01-01 03:48:00+00:00,95068.15418957068
2016-01-01 03:49:00+00:00,84014.19469295874
2016-01-01 03:50:00+00:00,69990.49920486515
2016-01-01 03:51:00+00:00,69990.49920486515
2016-01-01 03:52:00+00:00,51421.387630266174
2016-01-01 03:53:00+00:00,51421.387630266174
2016-01-01 03:54:00+00:00,72081.78821459737
2016-01-01 03:55:00+00:00,53431.99181132811
2016-01-01 03:56:00+00:00,35724.3567625114
2016-01-01 03:57:00+00:00,34633.51524924806
2016-01-01 03:58:00+00:00,28690.985255158837
2016-01-01 03:59:00+00:00,28690.985255158837
2016-01-01 04:00:00+00:00,34721.08771117841
2016-01-01 04:01:00+00:00,50483.44334797674
2016-01-01 04:02:00+00:00,50483.44334797674
2016-01-01 04:03:00+00:00,29806.37397071403
2016-01-01 04:04:00+00:00,37973.81716749739
2016-01-01 04:05:00+00:00,37973.81716749739
2016-01-01 04:06:00+00:00,64283.34303771867
2016-01-01 04:07:00+00:00,80479.09916253963
2016-01-01 04:08:00+00:00,89168.19440215426
2016-01-01 04:09:00+00:00,91838.32567972917
2016-01-01 04:10:00+00:00,93170.19755542146
2016-01-01 04:11:00+00:00,93170.19755542146
2016-01-01 04:12:00+00:00,105928.57639544467
2016-01-01 04:13:00+00:00,123174.38190052615
2016-01-01 04:14:00+00:00,113453.46010395352
2016-01-01 04:15:00+00:00,89108.07814307722
2016-01-01 04:16:00+00:00,89108.07814307722
2016-01-01 04:17:00+00:00,91147.49076351713
2016-01-01 04:18:00+00:00,81422.12584308586
2016-01-01 04:19:00+00:00,81296.82545585725
2016-01-01 04:20:00+00:00,80740.83066364554
2016-01-01 04:21:00+00:00,107811.14887157321
2016-01-01 04:22:00+00:00,117261.1934982488
2016-01-01 04:23:00+00:00,105358.7512773361
2016-01-01 04:24:00+00:00,97500.79438392357
2016-01-01 04:25:00+00:00,97500.79438392357
2016-01-01 04:26:00+00:00,97500.79438392357
2016-01-01 04:27:00+00:00,89283.85784898218
2016-01-01 04:28:00+00:00,80094.42037252832
2016-01-01 04:29:00+00:00,80094.42037252832
2016-01-01 04:30:00+00:00,60869.530523736474
2016-01-01 04:31:00+00:00,52149.90163525346
2016-01-01 04:32:00+00:00,42703.57603334872
2016-01-01 04:33:00+00:00,30473.579684416018
2016-01-01 04:34:00+00:00,32390.42215595621
2016-01-01 04:35:00+00:00,39883.49837198682
2016-01-01 04:36:00+00:00,58133.030342283135
2016-01-01 04:37:00+00:00,67465.90019651421
2016-01-01 04:38:00+00:00,97258.66611547228
2016-01-01 04:39:00+00:00,89097.06162159028
2016-01-01 04:40:00+00:00,104384.34954089976
2016-01-01 04:41:00+00:00,102267.69397881634
2016-01-01 04:42:00+00:00,122495.67278417051
2016-01-01 04:43:00+00:00,119140.77439056685
2016-01-01 04:44:00+00:00,128240.44805823421
2016-01-01 04:45:00+00:00,144413.5051283494
2016-01-01 04:46:00+00:00,124741.3157546039
2016-01-01 04:47:00+00:00,128670.05594381098
2016-01-01 04:48:00+00:00,119528.34340870613
2016-01-01 04:49:00+00:00,135527.02363367958
2016-01-01 04:50:00+00:00,106571.02825580299
2016-01-01 04:51:00+00:00,116839.83276932294
2016-01-01 04:52:00+00:00,125190.24240884332
2016-01-01 04:53:00+00:00,100714.15984953642
2016-01-01 04:54:00+00:00,110062.59208039349
2016-01-01 04:55:00+00:00,93006.80300248276
2016-01-01 04:56:00+00:00,83672.05910295625
2016-01-01 04:57:00+00:00,90932.71976409694
2016-01-01 04:58:00+00:00,83536.02150543153
2016-01-01 04:59:00+00:00,73267.21917513138
2016-01-01 05:00:00+00:00,57103.25404699153
2016-01-01 05:01:00+00:00,40048.24794268579
2016-01-01 05:02:00+00:00,56111.777512200766
2016-01-01 05:03:00+00:00,54440.827433073755
2016-01-01 05:04:00+00:00,54440.827433073755
2016-01-01 05:05:00+00:00,63252.89816750085
2016-01-01 05:06:00+00:00,55985.44659181251
2016-01-01 05:07:00+00:00,64132.482807728025
2016-01-01 05:08:00+00:00,90965.70455066324
2016-01-01 05:09:00+00:00,99088.48797486727
2016-01-01 05:10:00+00:00,108098.82899844076
2016-01-01 05:11:00+00:00,107593.20615302758
2016-01-01 05:12:00+00:00,125407.54384960316
2016-01-01 05:13:00+00:00,139859.6981016379
2016-01-01 05:14:00+00:00,138593.52047514162
2016-01-01 05:15:00+00:00,147761.427693724
2016-01-01 05:16:00+00:00,153046.53156917272
2016-01-01 05:17:00+00:00,161857.4850784012
2016-01-01 05:18:00+00:00,135888.0283634452
2016-01-01 05:19:00+00:00,137055.3742100964
2016-01-01 05:20:00+00:00,122196.16182870354
2016-01-01 05:21:00+00:00,105241.9244256152
2016-01-01 05:22:00+00:00,95902.41177980874
2016-01-01 05:23:00+00:00,128283.81773054737
2016-01-01 05:24:00+00:00,117266.4521794069
2016-01-01 05:25:00+00:00,136341.20771312717
2016-01-01 05:26:00+00:00,147641.44957302566
2016-01-01 05:27:00+00:00,132720.5779048698
2016-01-01 05:28:00+00:00,125548.46446833582
2016-01-01 05:29:00+00:00,164151.2177273972
2016-01-01 05:30:00+00:00,156124.71950639618
2016-01-01 05:31:00+00:00,168402.67788049844
2016-01-01 05:32:00+00:00,165865.6025752964
2016-01-01 05:33:00+00:00,168663.28380178745
2016-01-01 05:34:00+00:00,184412.5732932854
2016-01-01 05:35:00+00:00,167151.97240924658
2016-01-01 05:36:00+00:00,176753.02782311442
2016-01-01 05:37:00+00:00,193102.78973900684
2016-01-01 05:38:00+00:00,182272.92796138083
2016-01-01 05:39:00+00:00,182310.22727842574
2016-01-01 05:40:00+00:00,182310.22290790573
2016-01-01 05:41:00+00:00,189985.8667137108
2016-01-01 05:42:00+00:00,189745.7427045522
2016-01-01 05:43:00+00:00,189633.33800836743
2016-01-01 05:44:00+00:00,178309.7466259127
2016-01-01 05:45:00+00:00,178532.30700909527
2016-01-01 05:46:00+00:00,169963.50211760448
2016-01-01 05:47:00+00:00,168268.5564856921
2016-01-01 05:48:00+00:00,175097.6682830207
2016-01-01 05:49:00+00:00,175097.66937565073
2016-01-01 05:50:00+00:00,185975.64723611248
2016-01-01 05:51:00+00:00,193544.33259506774
2016-01-01 05:52:00+00:00,164456.84967038248
2016-01-01 05:53:00+00:00,162774.3290302722
2016-01-01 05:54:00+00:00,168941.10293490914
2016-01-01 05:55:00+00:00,196047.394077809
2016-01-01 05:56:00+00:00,196043.98619231867
2016-01-01 05:57:00+00:00,196043.98619231864
2016-01-01 05:58:00+00:00,213352.6894049792
2016-01-01 05:59:00+00:00,219779.06104503854
2016-01-01 06:00:00+00:00,229661.36645548636
2016-01-01 06:01:00+00:00,222251.7843920673
2016-01-01 06:02:00+00:00,220136.05070023943
2016-01-01 06:03:00+00:00,234176.092598221
2016-01-01 06:04:00+00:00,230146.41807672774
2016-01-01 06:05:00+00:00,237955.18203273948
2016-01-01 06:06:00+00:00,232124.73375659288
2016-01-01 06:07:00+00:00,233832.881310733
2016-01-01 06:08:00+00:00,237514.28285147916
2016-01-01 06:09:00+00:00,240104.4143395112
2016-01-01 06:10:00+00:00,240104.40778187118
2016-01-01 06:11:00+00:00,235911.56605517655
2016-01-01 06:12:00+00:00,244490.36262074186
2016-01-01 06:13:00+00:00,236440.54515094252
2016-01-01 06:14:00+00:00,235405.61454620105
2016-01-01 06:15:00+00:00,250149.38796725922
2016-01-01 06:16:00+00:00,250149.3890601992
2016-01-01 06:17:00+00:00,262100.78281670806
2016-01-01 06:18:00+00:00,258680.46868381475
2016-01-01 06:19:00+00:00,252733.77265005003
2016-01-01 06:20:00+00:00,259098.1493489277
2016-01-01 06:21:00+00:00,259135.9038118414
2016-01-01 06:22:00+00:00,251927.29793004275
2016-01-01 06:23:00+00:00,276656.4291061074
2016-01-01 06:24:00+00:00,284890.74213984545
2016-01-01 06:25:00+00:00,291447.1637211626
2016-01-01 06:26:00+00:00,278972.49915749475
2016-01-01 06:27:00+00:00,293159.7386554896
2016-01-01 06:28:00+00:00,293159.7386554895
2016-01-01 06:29:00+00:00,295041.1431356839
2016-01-01 06:30:00+00:00,286134.5706705754
2016-01-01 06:31:00+00:00,277880.42347648117
2016-01-01 06:32:00+00:00,295314.1619477665
2016-01-01 06:33:00+00:00,295314.1575760065
2016-01-01 06:34:00+00:00,325147.2165213588
2016-01-01 06:35:00+00:00,325147.2176142988
2016-01-01 06:36:00+00:00,298177.19498093484
2016-01-01 06:37:00+00:00,306535.16790464235
2016-01-01 06:38:00+00:00,294819.09655280254
2016-01-01 06:39:00+00:00,288006.06156381906
2016-01-01 06:40:00+00:00,288258.8274903876
2016-01-01 06:41:00+00:00,288258.82311862754
2016-01-01 06:42:00+00:00,289181.1409313706
2016-01-01 06:43:00+00:00,305873.4147254992
2016-01-01 06:44:00+00:00,315528.6477002119
2016-01-01 06:45:00+00:00,308093.0408659193
2016-01-01 06:46:00+00:00,324908.7902093435
2016-01-01 06:47:00+00:00,317515.01358216483
2016-01-01 06:48:00+00:00,344848.7184487974
2016-01-01 06:49:00+00:00,345629.9383000304
2016-01-01 06:50:00+00:00,350763.50640160573
2016-01-01 06:51:00+00:00,338224.11906362086
2016-01-01 06:52:00+00:00,335012.94516370073
2016-01-01 06:53:00+00:00,322180.0822355176
2016-01-01 06:54:00+00:00,338846.6496065908
2016-01-01 06:55:00+00:00,384851.24253233883
2016-01-01 06:56:00+00:00,378500.67945975193
2016-01-01 06:57:00+00:00,371660.84268410975
2016-01-01 06:58:00+00:00,378079.00445133273
2016-01-01 06:59:00+00:00,349748.61050174385
2016-01-01 07:00:00+00:00,357397.28855743026
2016-01-01 07:01:00+00:00,317261.58548930485
2016-01-01 07:02:00+00:00,304859.64903753175
2016-01-01 07:03:00+00:00,299598.7645442072
2016-01-01 07:04:00+00:00,283238.47158513195
2016-01-01 07:05:00+00:00,294237.41479368537
2016-01-01 07:06:00+00:00,305197.47699382243
2016-01-01 07:07:00+00:00,290210.26954268303
2016-01-01 07:08:00+00:00,295124.4836085905
2016-01-01 07:09:00+00:00,304985.9311121406
2016-01-01 07:10:00+00:00,341314.3401610672
2016-01-01 07:11:00+00:00,305537.0336043114
2016-01-01 07:12:00+00:00,299269.785186844
2016-01-01 07:13:00+00:00,298913.60100859444
2016-01-01 07:14:00+00:00,298254.0544389017
2016-01-01 07:15:00+00:00,307947.1067603223
2016-01-01 07:16:00+00:00,295516.8570416838
2016-01-01 07:17:00+00:00,292955.736431516
2016-01-01 07:18:00+00:00,285247.8542412158
2016-01-01 07:19:00+00:00,279586.93630882987
2016-01-01 07:20:00+00:00,288733.9251627318
2016-01-01 07:21:00+00:00,322846.7497705475
2016-01-01 07:22:00+00:00,356327.7844513686
2016-01-01 07:23:00+00:00,373173.95788989734
2016-01-01 07:24:00+00:00,373173.9611496374
2016-01-01 07:25:00+00:00,390009.16446945374
2016-01-01 07:26:00+00:00,378992.10861982335
2016-01-01 07:27:00+00:00,405925.5887081906
2016-01-01 07:28:00+00:00,407414.36110472895
2016-01-01 07:29:00+00:00,413538.89294395095
2016-01-01 07:30:00+00:00,427233.5048139469
2016-01-01 07:31:00+00:00,411746.42173247517
2016-01-01 07:32:00+00:00,393387.44347380113
2016-01-01 07:33:00+00:00,404427.2452649202
2016-01-01 07:34:00+00:00,391407.11838601454
2016-01-01 07:35:00+00:00,398872.1198222026
2016-01-01 07:36:00+00:00,416521.43622081605
2016-01-01 07:37:00+00:00,425758.28195638803
2016-01-01 07:38:00+00:00,437600.1022614013
2016-01-01 07:39:00+00:00,440104.24504509155
2016-01-01 07:40:00+00:00,433271.07533494954
2016-01-01 07:41:00+00:00,442391.42418559635
2016-01-01 07:42:00+00:00,425503.45717640733
2016-01-01 07:43:00+00:00,401918.63699735864
2016-01-01 07:44:00+00:00,409395.5280485329
2016-01-01 07:45:00+00:00,415179.6563007459
2016-01-01 07:46:00+00:00,401788.89270942763
2016-01-01 07:47:00+00:00,411334.0658244429
2016-01-01 07:48:00+00:00,417619.82021630165
2016-01-01 07:49:00+00:00,407924.9667527266
2016-01-01 07:50:00+00:00,424617.2819165808
2016-01-01 07:51:00+00:00,424949.8447186258
2016-01-01 07:52:00+00:00,439770.27745388437
2016-01-01 07:53:00+00:00,463970.31146511866
2016-01-01 07:54:00+00:00,473238.28534326586
2016-01-01 07:55:00+00:00,469336.318893451
2016-01-01 07:56:00+00:00,453856.0993972153
2016-01-01 07:57:00+00:00,486194.0258006249
2016-01-01 07:58:00+00:00,491201.4217404286
2016-01-01 07:59:00+00:00,450060.0673709472
2016-01-01 08:00:00+00:00,450851.8859249262
2016-01-01 08:01:00+00:00,446002.6459953458
2016-01-01 08:02:00+00:00,458570.059436058
2016-01-01 08:03:00+00:00,459124.4000711645
2016-01-01 08:04:00+00:00,488129.8606824597
2016-01-01 08:05:00+00:00,496483.7902382873
2016-01-01 08:06:00+00:00,496483.7913106773
2016-01-01 08:07:00+00:00,461861.49857789854
2016-01-01 08:08:00+00:00,487589.75251008285
2016-01-01 08:09:00+00:00,507450.44219373504
2016-01-01 08:10:00+00:00,514717.01897644997
2016-01-01 08:11:00+00:00,514321.0213229933
2016-01-01 08:12:00+00:00,505862.1980850357
2016-01-01 08:13:00+00:00,527758.3006042804
2016-01-01 08:14:00+00:00,550880.3256565032
2016-01-01 08:15:00+00:00,553151.7411690087
2016-01-01 08:16:00+00:00,536856.1723321383
2016-01-01 08:17:00+00:00,536128.8821912311
2016-01-01 08:18:00+00:00,529422.1415677284
2016-01-01 08:19:00+00:00,547447.3091926794
2016-01-01 08:20:00+00:00,551850.1994198749
2016-01-01 08:21:00+00:00,552344.320413233
2016-01-01 08:22:00+00:00,544790.5873987701
2016-01-01 08:23:00+00:00,522823.2421733637
2016-01-01 08:24:00+00:00,513726.02755891735
2016-01-01 08:25:00+00:00,505158.8038006862
2016-01-01 08:26:00+00:00,512738.4362824734
2016-01-01 08:27:00+00:00,521554.12496559054
2016-01-01 08:28:00+00:00,551107.7428628362
2016-01-01 08:29:00+00:00,560769.5634809767
2016-01-01 08:30:00+00:00,542780.7873100031
2016-01-01 08:31:00+00:00,528210.4906781227
2016-01-01 08:32:00+00:00,529829.1541452851
2016-01-01 08:33:00+00:00,530868.9404424819
2016-01-01 08:34:00+00:00,531022.7617688297
2016-01-01 08:35:00+00:00,523160.8797064526
2016-01-01 08:36:00+00:00,553796.8864304234
2016-01-01 08:37:00+00:00,561369.6029886898
2016-01-01 08:38:00+00:00,572867.6335086856
2016-01-01 08:39:00+00:00,583574.405053059
2016-01-01 08:40:00+00:00,551042.7871817771
2016-01-01 08:41:00+00:00,546619.4242986281
2016-01-01 08:42:00+00:00,580544.9786206378
2016-01-01 08:43:00+00:00,565875.2093984307
2016-01-01 08:44:00+00:00,563141.0110274743
2016-01-01 08:45:00+00:00,572317.1095930443
2016-01-01 08:46:00+00:00,566307.5468638082
2016-01-01 08:47:00+00:00,564662.7536017841
2016-01-01 08:48:00+00:00,553324.4814377067
2016-01-01 08:49:00+00:00,563841.7309490873
2016-01-01 08:50:00+00:00,588195.5313551391
2016-01-01 08:51:00+00:00,605745.9307431417
2016-01-01 08:52:00+00:00,617710.3240424321
2016-01-01 08:53:00+00:00,655994.1151914111
2016-01-01 08:54:00+00:00,633534.3237356746
2016-01-01 08:55:00+00:00,634384.4205481673
2016-01-01 08:56:00+00:00,617875.6405614425
2016-01-01 08:57:00+00:00,609392.9411191014
2016-01-01 08:58:00+00:00,579737.5442431935
2016-01-01 08:59:00+00:00,592562.7667525106
2016-01-01 09:00:00+00:00,611146.435826531
2016-01-01 09:01:00+00:00,609244.9008083766
2016-01-01 09:02:00+00:00,624288.0646762709
2016-01-01 09:03:00+00:00,636235.6692177709
2016-01-01 09:04:00+00:00,622427.3632620153
2016-01-01 09:05:00+00:00,597129.2325407031
2016-01-01 09:06:00+00:00,608354.2251161126
2016-01-01 09:07:00+00:00,603871.0090555816
2016-01-01 09:08:00+00:00,638213.2669240731
2016-01-01 09:09:00+00:00,579749.6209700602
2016-01-01 09:10:00+00:00,626325.8442217686
2016-01-01 09:11:00+00:00,668223.4999810435
2016-01-01 09:12:00+00:00,666051.1589085697
2016-01-01 09:13:00+00:00,675222.8486885949
2016-01-01 09:14:00+00:00,675610.7585093149
2016-01-01 09:15:00+00:00,676519.2412052938
2016-01-01 09:16:00+00:00,681304.3289709562
2016-01-01 09:17:00+00:00,665775.5895627652
2016-01-01 09:18:00+00:00,641450.2602213088
2016-01-01 09:19:00+00:00,656411.9891129888
2016-01-01 09:20:00+00:00,654216.3179619863
2016-01-01 09:21:00+00:00,646654.2895094019
2016-01-01 09:22:00+00:00,639684.4421366935
2016-01-01 09:23:00+00:00,669209.5392139497
2016-01-01 09:24:00+00:00,680156.1719471831
2016-01-01 09:25:00+00:00,648802.0770193919
2016-01-01 09:26:00+00:00,677992.4908206302
2016-01-01 09:27:00+00:00,687431.1087913318
2016-01-01 09:28:00+00:00,687074.9680418549
2016-01-01 09:29:00+00:00,702188.7727625202
2016-01-01 09:30:00+00:00,680043.4506569521
2016-01-01 09:31:00+00:00,687808.1900287536
2016-01-01 09:32:00+00:00,673377.1004766005
2016-01-01 09:33:00+00:00,679411.8650529052
2016-01-01 09:34:00+00:00,679674.2073920093
2016-01-01 09:35:00+00:00,677667.2181995169
2016-01-01 09:36:00+00:00,673674.3575571049
2016-01-01 09:37:00+00:00,673176.0042796519
2016-01-01 09:38:00+00:00,676129.6916665622
2016-01-01 09:39:00+00:00,721383.5400159324
2016-01-01 09:40:00+00:00,720731.1171686245
2016-01-01 09:41:00+00:00,721451.9525417406
2016-01-01 09:42:00+00:00,729085.2147281994
2016-01-01 09:43:00+00:00,706515.7668643435
2016-01-01 09:44:00+00:00,712700.8468384558
2016-01-01 09:45:00+00:00,703778.3880907268
2016-01-01 09:46:00+00:00,696985.4139261415
2016-01-01 09:47:00+00:00,669391.8287992174
2016-01-01 09:48:00+00:00,624833.5025099143
2016-01-01 09:49:00+00:00,605720.194268335
2016-01-01 09:50:00+00:00,577408.4882758529
2016-01-01 09:51:00+00:00,585945.1977121949
2016-01-01 09:52:00+00:00,559960.4746494851
2016-01-01 09:53:00+00:00,560489.2914705976
2016-01-01 09:54:00+00:00,617479.3053907616
2016-01-01 09:55:00+00:00,638282.5452817379
2016-01-01 09:56:00+00:00,619096.321050172
2016-01-01 09:57:00+00:00,641529.8733773899
2016-01-01 09:58:00+00:00,659371.3222901927
2016-01-01 09:59:00+00:00,645421.3936694714
2016-01-01 10:00:00+00:00,643038.942283019
2016-01-01 10:01:00+00:00,644647.8372886888
2016-01-01 10:02:00+00:00,650192.0491955646
2016-01-01 10:03:00+00:00,662667.4390268391
2016-01-01 10:04:00+00:00,677416.8907996406
2016-01-01 10:05:00+00:00,671016.756852096
2016-01-01 10:06:00+00:00,696752.0305398692
2016-01-01 10:07:00+00:00,725694.3434836232
2016-01-01 10:08:00+00:00,699401.6265041727
2016-01-01 10:09:00+00:00,675455.0182759052
2016-01-01 10:10:00+00:00,688122.0052565027
2016-01-01 10:11:00+00:00,687083.2620891804
2016-01-01 10:12:00+00:00,685681.6041356454
2016-01-01 10:13:00+00:00,700116.0380244526
2016-01-01 10:14:00+00:00,678517.6634474491
2016-01-01 10:15:00+00:00,685370.9070035426
2016-01-01 10:16:00+00:00,686486.2537556306
2016-01-01 10:17:00+00:00,705148.2739136985
2016-01-01 10:18:00+00:00,734596.6770125126
2016-01-01 10:19:00+00:00,715688.1610360396
2016-01-01 10:20:00+00:00,699811.5601087963
2016-01-01 10:21:00+00:00,652383.8494957244
2016-01-01 10:22:00+00:00,661302.0490571997
2016-01-01 10:23:00+00:00,694231.0979866459
2016-01-01 10:24:00+00:00,709957.4521913115
2016-01-01 10:25:00+00:00,738697.459919139
2016-01-01 10:26:00+00:00,707693.9613917653
2016-01-01 10:27:00+00:00,729981.2288360384
2016-01-01 10:28:00+00:00,754174.9056534044
2016-01-01 10:29:00+00:00,761183.073278508
2016-01-01 10:30:00+00:00,748170.5352688633
2016-01-01 10:31:00+00:00,758646.9905298149
2016-01-01 10:32:00+00:00,755246.5272692594
2016-01-01 10:33:00+00:00,792258.3932451546
2016-01-01 10:34:00+00:00,788268.2175410304
2016-01-01 10:35:00+00:00,784067.8455208704
2016-01-01 10:36:00+00:00,794452.1229365041
2016-01-01 10:37:00+00:00,793593.399082601
2016-01-01 10:38:00+00:00,774819.8141806661
2016-01-01 10:39:00+00:00,780723.3473816342
2016-01-01 10:40:00+00:00,820174.2666775301
2016-01-01 10:41:00+00:00,810569.6420917019
2016-01-01 10:42:00+00:00,835777.6484473379
2016-01-01 10:43:00+00:00,875413.8975625389
2016-01-01 10:44:00+00:00,866131.4218990298
2016-01-01 10:45:00+00:00,875782.2732319388
2016-01-01 10:46:00+00:00,863044.0759124402
2016-01-01 10:47:00+00:00,848387.3222862745
2016-01-01 10:48:00+00:00,862653.0290759638
2016-01-01 10:49:00+00:00,860267.7572174367
2016-01-01 10:50:00+00:00,864867.1833220586
2016-01-01 10:51:00+00:00,853628.4795446155
2016-01-01 10:52:00+00:00,834673.0293946824
2016-01-01 10:53:00+00:00,823674.7713180673
2016-01-01 10:54:00+00:00,831435.091000728
2016-01-01 10:55:00+00:00,859679.0028320552
2016-01-01 10:56:00+00:00,864319.3722565555
2016-01-01 10:57:00+00:00,860077.7505978314
2016-01-01 10:58:00+00:00,880593.8872797043
2016-01-01 10:59:00+00:00,858488.266083252
2016-01-01 11:00:00+00:00,857301.8146869732
2016-01-01 11:01:00+00:00,835556.5029239631
2016-01-01 11:02:00+00:00,861671.2831408449
2016-01-01 11:03:00+00:00,866789.5488270115
2016-01-01 11:04:00+00:00,845270.7269152427
2016-01-01 11:05:00+00:00,829508.2977614998
2016-01-01 11:06:00+00:00,818874.1412190335
2016-01-01 11:07:00+00:00,831407.172351304
2016-01-01 11:08:00+00:00,852840.5385923437
2016-01-01 11:09:00+00:00,867669.0875415495
2016-01-01 11:10:00+00:00,884651.624008676
2016-01-01 11:11:00+00:00,884740.3156391403
2016-01-01 11:12:00+00:00,863505.1261675472
2016-01-01 11:13:00+00:00,831777.062173756
2016-01-01 11:14:00+00:00,778522.328243531
2016-01-01 11:15:00+00:00,790723.3963871322
2016-01-01 11:16:00+00:00,806671.118431264
2016-01-01 11:17:00+00:00,799992.1791072483
2016-01-01 11:18:00+00:00,816573.9981401333
2016-01-01 11:19:00+00:00,850849.9984878636
2016-01-01 11:20:00+00:00,843970.0054660426
2016-01-01 11:21:00+00:00,840862.3150751991
2016-01-01 11:22:00+00:00,777797.1022261161
2016-01-01 11:23:00+00:00,775287.8356599681
2016-01-01 11:24:00+00:00,760068.4542279997
2016-01-01 11:25:00+00:00,738534.488976838
2016-01-01 11:26:00+00:00,751234.9319097415
2016-01-01 11:27:00+00:00,729578.9643826023
2016-01-01 11:28:00+00:00,748433.855494562
2016-01-01 11:29:00+00:00,711721.9267309437
2016-01-01 11:30:00+00:00,697074.9367510075
2016-01-01 11:31:00+00:00,687108.9982965261
2016-01-01 11:32:00+00:00,688028.3423406432
2016-01-01 11:33:00+00:00,702093.7957554987
2016-01-01 11:34:00+00:00,656888.353240348
2016-01-01 11:35:00+00:00,647184.2343819129
2016-01-01 11:36:00+00:00,653193.5547760054
2016-01-01 11:37:00+00:00,644416.5441641829
2016-01-01 11:38:00+00:00,618501.8929078139
2016-01-01 11:39:00+00:00,640344.0961319878
2016-01-01 11:40:00+00:00,631780.8800984476
2016-01-01 11:41:00+00:00,632565.4582020522
2016-01-01 11:42:00+00:00,660285.1090945447
2016-01-01 11:43:00+00:00,660683.2153868919
2016-01-01 11:44:00+00:00,657893.756403421
2016-01-01 11:45:00+00:00,687623.0947250159
2016-01-01 11:46:00+00:00,688457.7009881014
2016-01-01 11:47:00+00:00,670673.6233604132
2016-01-01 11:48:00+00:00,705866.5647638306
2016-01-01 11:49:00+00:00,696162.020223909
2016-01-01 11:50:00+00:00,700067.5492929813
2016-01-01 11:51:00+00:00,685104.9626139416
2016-01-01 11:52:00+00:00,666712.0579623341
2016-01-01 11:53:00+00:00,688381.8282511586
2016-01-01 11:54:00+00:00,710960.4606833817
2016-01-01 11:55:00+00:00,720544.4372725383
2016-01-01 11:56:00+00:00,713570.199466321
2016-01-01 11:57:00+00:00,708017.2422385925
2016-01-01 11:58:00+00:00,657294.2017010886
2016-01-01 11:59:00+00:00,630169.8359114903
2016-01-01 12:00:00+00:00,599337.2393116307
2016-01-01 12:01:00+00:00,564452.9853805759
2016-01-01 12:02:00+00:00,562824.5894348541
2016-01-01 12:03:00+00:00,587790.5900914887
2016-01-01 12:04:00+00:00,610795.0575930176
2016-01-01 12:05:00+00:00,601033.5268606563
2016-01-01 12:06:00+00:00,570790.9756942396
2016-01-01 12:07:00+00:00,575267.6704305187
2016-01-01 12:08:00+00:00,584389.6142950687
2016-01-01 12:09:00+00:00,592105.8789732552
2016-01-01 12:10:00+00:00,589444.0221181256
2016-01-01 12:11:00+00:00,623658.2639250687
2016-01-01 12:12:00+00:00,646428.6457181494
2016-01-01 12:13:00+00:00,639903.2125108639
2016-01-01 12:14:00+00:00,689292.4811776491
2016-01-01 12:15:00+00:00,678612.2684312855
2016-01-01 12:16:00+00:00,667356.5010261791
2016-01-01 12:17:00+00:00,687553.3876010829
2016-01-01 12:18:00+00:00,671445.217020851
2016-01-01 12:19:00+00:00,679825.4084414649
2016-01-01 12:20:00+00:00,695383.66124332
2016-01-01 12:21:00+00:00,711668.8486139606
2016-01-01 12:22:00+00:00,741410.9496305056
2016-01-01 12:23:00+00:00,770725.4596634438
2016-01-01 12:24:00+00:00,743440.3778463122
2016-01-01 12:25:00+00:00,755407.2155893601
2016-01-01 12:26:00+00:00,741543.4071254545
2016-01-01 12:27:00+00:00,739604.0376038115
2016-01-01 12:28:00+00:00,720155.6254485389
2016-01-01 12:29:00+00:00,727166.2096335012
2016-01-01 12:30:00+00:00,741585.2901943376
2016-01-01 12:31:00+00:00,751877.2332235217
2016-01-01 12:32:00+00:00,763150.9516572203
2016-01-01 12:33:00+00:00,760258.6698972384
2016-01-01 12:34:00+00:00,742226.1176854902
2016-01-01 12:35:00+00:00,758532.4736446445
2016-01-01 12:36:00+00:00,745274.464701507
2016-01-01 12:37:00+00:00,779095.3675307689
2016-01-01 12:38:00+00:00,814776.3237726496
2016-01-01 12:39:00+00:00,809735.7961530477
2016-01-01 12:40:00+00:00,793912.0914636378
2016-01-01 12:41:00+00:00,801709.5447451499
2016-01-01 12:42:00+00:00,790621.1506300621
2016-01-01 12:43:00+00:00,801907.285250451
2016-01-01 12:44:00+00:00,845305.0216704083
2016-01-01 12:45:00+00:00,808402.0506422037
2016-01-01 12:46:00+00:00,807624.9639070824
2016-01-01 12:47:00+00:00,831344.4858937538
2016-01-01 12:48:00+00:00,848904.1071585998
2016-01-01 12:49:00+00:00,834576.9958552625
2016-01-01 12:50:00+00:00,772554.148248562
2016-01-01 12:51:00+00:00,781230.6056871593
2016-01-01 12:52:00+00:00,739210.2690642214
2016-01-01 12:53:00+00:00,809699.781650485
2016-01-01 12:54:00+00:00,798692.6590468538
2016-01-01 12:55:00+00:00,822398.7492253635
2016-01-01 12:56:00+00:00,827048.0736501489
2016-01-01 12:57:00+00:00,821582.3714485929
2016-01-01 12:58:00+00:00,811301.7283517545
2016-01-01 12:59:00+00:00,865658.8264740953
2016-01-01 13:00:00+00:00,844153.9113483868
2016-01-01 13:01:00+00:00,832395.3603432174
2016-01-01 13:02:00+00:00,809829.5338707642
2016-01-01 13:03:00+00:00,779206.2459059157
2016-01-01 13:04:00+00:00,793150.9014968708
2016-01-01 13:05:00+00:00,808206.2474645299
2016-01-01 13:06:00+00:00,826621.4516101248
2016-01-01 13:07:00+00:00,834294.3590635735
2016-01-01 13:08:00+00:00,810907.4459400391
2016-01-01 13:09:00+00:00,776456.7145166731
2016-01-01 13:10:00+00:00,787399.6063496391
2016-01-01 13:11:00+00:00,772883.8834481039
2016-01-01 13:12:00+00:00,782786.817291775
2016-01-01 13:13:00+00:00,742296.4128503161
2016-01-01 13:14:00+00:00,722874.3444366178
2016-01-01 13:15:00+00:00,731826.3032231376
2016-01-01 13:16:00+00:00,742747.2717395548
2016-01-01 13:17:00+00:00,778196.830488282
2016-01-01 13:18:00+00:00,836473.2322827941
2016-01-01 13:19:00+00:00,840973.6199946388
2016-01-01 13:20:00+00:00,850668.7735584015
2016-01-01 13:21:00+00:00,870701.6520950865
2016-01-01 13:22:00+00:00,862887.4181066175
2016-01-01 13:23:00+00:00,844603.0584077265
2016-01-01 13:24:00+00:00,802129.2920108149
2016-01-01 13:25:00+00:00,763702.3066948091
2016-01-01 13:26:00+00:00,755652.8378495295
2016-01-01 13:27:00+00:00,770022.6693805695
2016-01-01 13:28:00+00:00,758613.4236829556
2016-01-01 13:29:00+00:00,734219.7880466366
2016-01-01 13:30:00+00:00,697063.4026404709
2016-01-01 13:31:00+00:00,683904.2460260207
2016-01-01 13:32:00+00:00,709562.1482758842
2016-01-01 13:33:00+00:00,697432.8915014636
2016-01-01 13:34:00+00:00,710304.4969589941
2016-01-01 13:35:00+00:00,707490.2442090792
2016-01-01 13:36:00+00:00,710905.0572093447
2016-01-01 13:37:00+00:00,738620.6034258525
2016-01-01 13:38:00+00:00,748786.0432815909
2016-01-01 13:39:00+00:00,752379.0117193088
2016-01-01 13:40:00+00:00,767371.6854611982
2016-01-01 13:41:00+00:00,767044.4973089264
2016-01-01 13:42:00+00:00,785964.3698407405
2016-01-01 13:43:00+00:00,757645.8093057506
2016-01-01 13:44:00+00:00,798578.3947098964
2016-01-01 13:45:00+00:00,794267.805830974
2016-01-01 13:46:00+00:00,809685.4586022502
2016-01-01 13:47:00+00:00,796024.3166177031
2016-01-01 13:48:00+00:00,769723.9496503816
2016-01-01 13:49:00+00:00,785174.2555069274
2016-01-01 13:50:00+00:00,751385.6823571173
2016-01-01 13:51:00+00:00,790465.0843273395
2016-01-01 13:52:00+00:00,808776.599428612
2016-01-01 13:53:00+00:00,810235.0983117505
2016-01-01 13:54:00+00:00,794086.2822250754
2016-01-01 13:55:00+00:00,795773.3134080902
2016-01-01 13:56:00+00:00,788713.8138826671
2016-01-01 13:57:00+00:00,759361.1211861686
2016-01-01 13:58:00+00:00,791007.857884679
2016-01-01 13:59:00+00:00,802215.9997294677
2016-01-01 14:00:00+00:00,826370.5606326847
2016-01-01 14:01:00+00:00,831138.7377330253
2016-01-01 14:02:00+00:00,797644.2806023387
2016-01-01 14:03:00+00:00,795220.9922467116
2016-01-01 14:04:00+00:00,828863.8075445001
2016-01-01 14:05:00+00:00,839061.9898788121
2016-01-01 14:06:00+00:00,867421.5315784676
2016-01-01 14:07:00+00:00,872000.9614542727
2016-01-01 14:08:00+00:00,844540.6581696549
2016-01-01 14:09:00+00:00,829269.4270200519
2016-01-01 14:10:00+00:00,840554.9406049821
2016-01-01 14:11:00+00:00,820961.0213438395
2016-01-01 14:12:00+00:00,831440.5257786815
2016-01-01 14:13:00+00:00,844127.989277274
2016-01-01 14:14:00+00:00,838376.9445064922
2016-01-01 14:15:00+00:00,825866.551743078
2016-01-01 14:16:00+00:00,830167.7267154198
2016-01-01 14:17:00+00:00,837821.6380212924
2016-01-01 14:18:00+00:00,811937.439001455
2016-01-01 14:19:00+00:00,833176.0753543319
2016-01-01 14:20:00+00:00,827763.4231046633
2016-01-01 14:21:00+00:00,838924.9013589831
2016-01-01 14:22:00+00:00,865018.9188540841
2016-01-01 14:23:00+00:00,825149.6823222729
2016-01-01 14:24:00+00:00,792283.0852916933
2016-01-01 14:25:00+00:00,800469.0921191077
2016-01-01 14:26:00+00:00,793435.0189896318
2016-01-01 14:27:00+00:00,754736.4945905702
2016-01-01 14:28:00+00:00,736542.3625325102
2016-01-01 14:29:00+00:00,756999.4041167301
2016-01-01 14:30:00+00:00,755722.5808364998
2016-01-01 14:31:00+00:00,758375.987041381
2016-01-01 14:32:00+00:00,785534.1619969411
2016-01-01 14:33:00+00:00,802322.7424010583
2016-01-01 14:34:00+00:00,821394.6084638878
2016-01-01 14:35:00+00:00,837310.0002683502
2016-01-01 14:36:00+00:00,854627.6586915397
2016-01-01 14:37:00+00:00,793173.5991585766
2016-01-01 14:38:00+00:00,770724.7705338976
2016-01-01 14:39:00+00:00,782253.9836898043
2016-01-01 14:40:00+00:00,791181.5154179198
2016-01-01 14:41:00+00:00,808692.1585156855
2016-01-01 14:42:00+00:00,809811.2237347583
2016-01-01 14:43:00+00:00,801278.6480935285
2016-01-01 14:44:00+00:00,756308.5476934863
2016-01-01 14:45:00+00:00,755031.8670858179
2016-01-01 14:46:00+00:00,745635.0467294805
2016-01-01 14:47:00+00:00,723322.5908529789
2016-01-01 14:48:00+00:00,725372.4309342002
2016-01-01 14:49:00+00:00,739622.5085389189
2016-01-01 14:50:00+00:00,728937.8066983678
2016-01-01 14:51:00+00:00,714074.7343847197
2016-01-01 14:52:00+00:00,712585.424856458
2016-01-01 14:53:00+00:00,744817.8257613865
2016-01-01 14:54:00+00:00,705551.459313611
2016-01-01 14:55:00+00:00,762309.1112767248
2016-01-01 14:56:00+00:00,778776.9205880418
2016-01-01 14:57:00+00:00,726873.6631706051
2016-01-01 14:58:00+00:00,729606.3517369336
2016-01-01 14:59:00+00:00,710416.7459640669
2016-01-01 15:00:00+00:00,726802.4821929565
2016-01-01 15:01:00+00:00,718174.9308512844
2016-01-01 15:02:00+00:00,703780.7262659562
2016-01-01 15:03:00+00:00,697408.3862479003
2016-01-01 15:04:00+00:00,708678.118709575
2016-01-01 15:05:00+00:00,726616.343626693
2016-01-01 15:06:00+00:00,719480.6086731321
2016-01-01 15:07:00+00:00,703775.1082894758
2016-01-01 15:08:00+00:00,696185.8470442882
2016-01-01 15:09:00+00:00,710310.4116794958
2016-01-01 15:10:00+00:00,731312.2797796639
2016-01-01 15:11:00+00:00,778956.8063780491
2016-01-01 15:12:00+00:00,805686.9483307624
2016-01-01 15:13:00+00:00,804880.1862849656
2016-01-01 15:14:00+00:00,794563.7124541168
2016-01-01 15:15:00+00:00,826366.1729968274
2016-01-01 15:16:00+00:00,856616.1584761342
2016-01-01 15:17:00+00:00,869364.0258097954
2016-01-01 15:18:00+00:00,905218.4469766871
2016-01-01 15:19:00+00:00,928963.0737236126
2016-01-01 15:20:00+00:00,944114.8280922422
2016-01-01 15:21:00+00:00,1001334.0570706371
2016-01-01 15:22:00+00:00,1001125.2557511874
2016-01-01 15:23:00+00:00,1015715.1395697892
2016-01-01 15:24:00+00:00,1010211.6475070784
2016-01-01 15:25:00+00:00,999035.790516563
2016-01-01 15:26:00+00:00,984256.0363489158
2016-01-01 15:27:00+00:00,984426.0502654774
2016-01-01 15:28:00+00:00,956468.0304348188
2016-01-01 15:29:00+00:00,963061.1535978614
2016-01-01 15:30:00+00:00,978785.3768944687
2016-01-01 15:31:00+00:00,976181.0335244098
2016-01-01 15:32:00+00:00,987868.1143138676
2016-01-01 15:33:00+00:00,1005763.5755806431
2016-01-01 15:34:00+00:00,1050677.5633352096
2016-01-01 15:35:00+00:00,1048442.8012930215
2016-01-01 15:36:00+00:00,1010207.1966211221
2016-01-01 15:37:00+00:00,1021452.8883817885
2016-01-01 15:38:00+00:00,1049878.5192158394
2016-01-01 15:39:00+00:00,1055026.4263386866
2016-01-01 15:40:00+00:00,1061326.7818615537
2016-01-01 15:41:00+00:00,1042368.0557899872
2016-01-01 15:42:00+00:00,1049336.683645843
2016-01-01 15:43:00+00:00,1072513.3806793194
2016-01-01 15:44:00+00:00,1061314.0500594266
2016-01-01 15:45:00+00:00,1030316.6267300757
2016-01-01 15:46:00+00:00,1016072.4293046744
2016-01-01 15:47:00+00:00,1053551.6608869147
2016-01-01 15:48:00+00:00,1074537.0525345497
2016-01-01 15:49:00+00:00,1027323.9114747621
2016-01-01 15:50:00+00:00,970264.9427568301
2016-01-01 15:51:00+00:00,958527.5894062485
2016-01-01 15:52:00+00:00,922639.2234527548
2016-01-01 15:53:00+00:00,910532.0375639247
2016-01-01 15:54:00+00:00,891474.3103354983
2016-01-01 15:55:00+00:00,907602.6621899994
2016-01-01 15:56:00+00:00,866342.6158064418
2016-01-01 15:57:00+00:00,858540.600844161
2016-01-01 15:58:00+00:00,890203.4779209227
2016-01-01 15:59:00+00:00,882894.1531041843
2016-01-01 16:00:00+00:00,889804.9169585279
2016-01-01 16:01:00+00:00,886407.6114376093
2016-01-01 16:02:00+00:00,904226.179286719
2016-01-01 16:03:00+00:00,931583.2502957913
2016-01-01 16:04:00+00:00,908940.5226870767
2016-01-01 16:05:00+00:00,935483.443205994
2016-01-01 16:06:00+00:00,906570.0913002937
2016-01-01 16:07:00+00:00,884912.6586555865
2016-01-01 16:08:00+00:00,899779.8427596815
2016-01-01 16:09:00+00:00,893341.4414867845
2016-01-01 16:10:00+00:00,903205.6882762021
2016-01-01 16:11:00+00:00,899198.2058497405
2016-01-01 16:12:00+00:00,930621.3363420453
2016-01-01 16:13:00+00:00,928783.4074053345
2016-01-01 16:14:00+00:00,924842.9924637456
2016-01-01 16:15:00+00:00,935831.6874753697
2016-01-01 16:16:00+00:00,941083.039852815
2016-01-01 16:17:00+00:00,943451.7223937005
2016-01-01 16:18:00+00:00,942867.9107958911
2016-01-01 16:19:00+00:00,951471.8248947496
2016-01-01 16:20:00+00:00,948108.1376605219
2016-01-01 16:21:00+00:00,963715.653662707
2016-01-01 16:22:00+00:00,966039.0963400283
2016-01-01 16:23:00+00:00,958113.803134767
2016-01-01 16:24:00+00:00,952403.3574585329
2016-01-01 16:25:00+00:00,969200.2743276798
2016-01-01 16:26:00+00:00,978503.3177004748
2016-01-01 16:27:00+00:00,957889.2783861051
2016-01-01 16:28:00+00:00,955869.243514304
2016-01-01 16:29:00+00:00,968575.4906279807
2016-01-01 16:30:00+00:00,962256.2188734381
2016-01-01 16:31:00+00:00,938728.9879649009
2016-01-01 16:32:00+00:00,956074.3259384603
2016-01-01 16:33:00+00:00,981866.8811082495
2016-01-01 16:34:00+00:00,988329.5594344684
2016-01-01 16:35:00+00:00,949366.9949141531
2016-01-01 16:36:00+00:00,939356.0547148973
2016-01-01 16:37:00+00:00,935087.8487443074
2016-01-01 16:38:00+00:00,915363.4965793528
2016-01-01 16:39:00+00:00,930947.2004914994
2016-01-01 16:40:00+00:00,898423.3534238795
2016-01-01 16:41:00+00:00,887038.5099251219
2016-01-01 16:42:00+00:00,888514.8684952367
2016-01-01 16:43:00+00:00,835178.041539956
2016-01-01 16:44:00+00:00,805308.0300433331
2016-01-01 16:45:00+00:00,771053.0341311967
2016-01-01 16:46:00+00:00,783775.9002056827
2016-01-01 16:47:00+00:00,744774.3834719334
2016-01-01 16:48:00+00:00,719228.2964778717
2016-01-01 16:49:00+00:00,700563.5210208049
2016-01-01 16:50:00+00:00,680332.8863762084
2016-01-01 16:51:00+00:00,642987.825485342
2016-01-01 16:52:00+00:00,667239.1701609234
2016-01-01 16:53:00+00:00,664298.67068388
2016-01-01 16:54:00+00:00,651342.3598882149
2016-01-01 16:55:00+00:00,681394.7513883269
2016-01-01 16:56:00+00:00,666588.1677702862
2016-01-01 16:57:00+00:00,666914.7189771115
2016-01-01 16:58:00+00:00,657951.9303229364
2016-01-01 16:59:00+00:00,647103.9145042357
2016-01-01 17:00:00+00:00,631535.9383330705
2016-01-01 17:01:00+00:00,578565.3112270767
2016-01-01 17:02:00+00:00,553796.3984755061
2016-01-01 17:03:00+00:00,533789.1529577684
2016-01-01 17:04:00+00:00,529022.8544191603
2016-01-01 17:05:00+00:00,543994.5742535073
2016-01-01 17:06:00+00:00,567686.3433310143
2016-01-01 17:07:00+00:00,592826.1630483422
2016-01-01 17:08:00+00:00,571810.2791413511
2016-01-01 17:09:00+00:00,590196.7051958092
2016-01-01 17:10:00+00:00,586795.6782801246
2016-01-01 17:11:00+00:00,563868.5038012493
2016-01-01 17:12:00+00:00,614518.4864114684
2016-01-01 17:13:00+00:00,605207.9213901139
2016-01-01 17:14:00+00:00,585242.3844532934
2016-01-01 17:15:00+00:00,584508.4481578665
2016-01-01 17:16:00+00:00,599904.5970057762
2016-01-01 17:17:00+00:00,613532.599078357
2016-01-01 17:18:00+00:00,614119.2606297655
2016-01-01 17:19:00+00:00,625547.6411298524
2016-01-01 17:20:00+00:00,642850.9792533622
2016-01-01 17:21:00+00:00,616069.8980878562
2016-01-01 17:22:00+00:00,636165.130670067
2016-01-01 17:23:00+00:00,654411.4327886455
2016-01-01 17:24:00+00:00,666494.6801274042
2016-01-01 17:25:00+00:00,708740.1307607671
2016-01-01 17:26:00+00:00,713627.7247717072
2016-01-01 17:27:00+00:00,723721.1615800775
2016-01-01 17:28:00+00:00,737570.9458339051
2016-01-01 17:29:00+00:00,736112.4542949784
2016-01-01 17:30:00+00:00,733840.1705478729
2016-01-01 17:31:00+00:00,736841.4580564897
2016-01-01 17:32:00+00:00,761546.71854099
2016-01-01 17:33:00+00:00,760683.8391571703
2016-01-01 17:34:00+00:00,781477.1364854134
2016-01-01 17:35:00+00:00,767469.2848872511
2016-01-01 17:36:00+00:00,750696.7905366578
2016-01-01 17:37:00+00:00,731046.1572835335
2016-01-01 17:38:00+00:00,733802.5941786042
2016-01-01 17:39:00+00:00,750211.160516308
2016-01-01 17:40:00+00:00,737416.4029533165
2016-01-01 17:41:00+00:00,731936.8037431602
2016-01-01 17:42:00+00:00,728518.5526215456
2016-01-01 17:43:00+00:00,759849.3614415007
2016-01-01 17:44:00+00:00,756497.6322080329
2016-01-01 17:45:00+00:00,734994.9469818368
2016-01-01 17:46:00+00:00,733524.1314182103
2016-01-01 17:47:00+00:00,711006.1067755288
2016-01-01 17:48:00+00:00,728083.6642121809
2016-01-01 17:49:00+00:00,738934.9259108306
2016-01-01 17:50:00+00:00,739717.2612750119
2016-01-01 17:51:00+00:00,732340.2195914643
2016-01-01 17:52:00+00:00,710652.2095989201
2016-01-01 17:53:00+00:00,696233.193816899
2016-01-01 17:54:00+00:00,692562.9124983256
2016-01-01 17:55:00+00:00,662480.8693113702
2016-01-01 17:56:00+00:00,659975.3250371892
2016-01-01 17:57:00+00:00,660391.0820965562
2016-01-01 17:58:00+00:00,667529.7586020157
2016-01-01 17:59:00+00:00,675687.6930294989
2016-01-01 18:00:00+00:00,685017.2546518128
2016-01-01 18:01:00+00:00,687951.2485894591
2016-01-01 18:02:00+00:00,661237.8170390629
2016-01-01 18:03:00+00:00,644653.5376651773
2016-01-01 18:04:00+00:00,642639.7524634688
2016-01-01 18:05:00+00:00,626490.0974121552
2016-01-01 18:06:00+00:00,607051.914126811
2016-01-01 18:07:00+00:00,622532.0398152028
2016-01-01 18:08:00+00:00,628544.5521972211
2016-01-01 18:09:00+00:00,599749.9632709143
2016-01-01 18:10:00+00:00,553861.8241280578
2016-01-01 18:11:00+00:00,553861.8219730378
2016-01-01 18:12:00+00:00,565894.9899587345
2016-01-01 18:13:00+00:00,510333.578836135
2016-01-01 18:14:00+00:00,496981.8327633312
2016-01-01 18:15:00+00:00,485370.4931062664
2016-01-01 18:16:00+00:00,490864.32826392795
2016-01-01 18:17:00+00:00,492152.44823874417
2016-01-01 18:18:00+00:00,502990.21493799886
2016-01-01 18:19:00+00:00,532341.7546347139
2016-01-01 18:20:00+00:00,487567.3370186793
2016-01-01 18:21:00+00:00,496576.3153470101
2016-01-01 18:22:00+00:00,473012.83968244423
2016-01-01 18:23:00+00:00,467560.0698382567
2016-01-01 18:24:00+00:00,484006.0795073799
2016-01-01 18:25:00+00:00,487490.6973736414
2016-01-01 18:26:00+00:00,478410.39050376567
2016-01-01 18:27:00+00:00,471065.7363572955
2016-01-01 18:28:00+00:00,445144.27297185035
2016-01-01 18:29:00+00:00,465953.56116466556
2016-01-01 18:30:00+00:00,465999.58788650855
2016-01-01 18:31:00+00:00,490401.4269743482
2016-01-01 18:32:00+00:00,477205.025569927
2016-01-01 18:33:00+00:00,485312.12737622706
2016-01-01 18:34:00+00:00,492487.7586502365
2016-01-01 18:35:00+00:00,474831.01914241706
2016-01-01 18:36:00+00:00,492907.3515238912
2016-01-01 18:37:00+00:00,483293.4475612569
2016-01-01 18:38:00+00:00,473004.7004931634
2016-01-01 18:39:00+00:00,467125.2184656285
2016-01-01 18:40:00+00:00,467125.2184656285
2016-01-01 18:41:00+00:00,474792.3380331509
2016-01-01 18:42:00+00:00,460244.2189545032
2016-01-01 18:43:00+00:00,484945.4824093816
2016-01-01 18:44:00+00:00,482281.3201830833
2016-01-01 18:45:00+00:00,471295.42604274885
2016-01-01 18:46:00+00:00,465761.2795578067
2016-01-01 18:47:00+00:00,454949.18403122417
2016-01-01 18:48:00+00:00,448588.8755006258
2016-01-01 18:49:00+00:00,451055.58085708914
2016-01-01 18:50:00+00:00,486138.56422757875
2016-01-01 18:51:00+00:00,513153.0273588414
2016-01-01 18:52:00+00:00,521828.1199895141
2016-01-01 18:53:00+00:00,548095.3222268762
2016-01-01 18:54:00+00:00,564455.5292909822
2016-01-01 18:55:00+00:00,556027.9837634225
2016-01-01 18:56:00+00:00,526466.107849569
2016-01-01 18:57:00+00:00,524908.8192328844
2016-01-01 18:58:00+00:00,484883.7626966043
2016-01-01 18:59:00+00:00,470619.63188548747
2016-01-01 19:00:00+00:00,471788.7028395227
2016-01-01 19:01:00+00:00,472020.4929752455
2016-01-01 19:02:00+00:00,478808.5685023584
2016-01-01 19:03:00+00:00,458014.4792474868
2016-01-01 19:04:00+00:00,426233.46032735944
2016-01-01 19:05:00+00:00,397197.97442800255
2016-01-01 19:06:00+00:00,397197.9690241025
2016-01-01 19:07:00+00:00,397880.01139304566
2016-01-01 19:08:00+00:00,399771.57879561937
2016-01-01 19:09:00+00:00,382703.5570320988
2016-01-01 19:10:00+00:00,381977.41007961205
2016-01-01 19:11:00+00:00,385324.39270860114
2016-01-01 19:12:00+00:00,358868.0064085292
2016-01-01 19:13:00+00:00,366713.83055484644
2016-01-01 19:14:00+00:00,375818.26837065525
2016-01-01 19:15:00+00:00,396616.9864558283
2016-01-01 19:16:00+00:00,396564.5494229852
2016-01-01 19:17:00+00:00,375599.40949575393
2016-01-01 19:18:00+00:00,366288.3597158169
2016-01-01 19:19:00+00:00,377978.75864133914
2016-01-01 19:20:00+00:00,378224.78278824664
2016-01-01 19:21:00+00:00,370507.7831776337
2016-01-01 19:22:00+00:00,364040.9760617859
2016-01-01 19:23:00+00:00,338374.6115793851
2016-01-01 19:24:00+00:00,359138.1661544425
2016-01-01 19:25:00+00:00,374802.35035428504
2016-01-01 19:26:00+00:00,360353.453424896
2016-01-01 19:27:00+00:00,359267.61808514455
2016-01-01 19:28:00+00:00,350865.77711091767
2016-01-01 19:29:00+00:00,363925.4936851835
2016-01-01 19:30:00+00:00,364304.14441348496
2016-01-01 19:31:00+00:00,389094.857147345
2016-01-01 19:32:00+00:00,381870.53947799216
2016-01-01 19:33:00+00:00,374185.4793142124
2016-01-01 19:34:00+00:00,383104.3769200219
2016-01-01 19:35:00+00:00,357063.58655489376
2016-01-01 19:36:00+00:00,361395.5017868601
2016-01-01 19:37:00+00:00,355814.24493054545
2016-01-01 19:38:00+00:00,365746.05706775107
2016-01-01 19:39:00+00:00,371376.83128111536
2016-01-01 19:40:00+00:00,369752.0083321509
2016-01-01 19:41:00+00:00,369752.00508981076
2016-01-01 19:42:00+00:00,370762.9180416815
2016-01-01 19:43:00+00:00,363518.48441380385
2016-01-01 19:44:00+00:00,381322.8524116231
2016-01-01 19:45:00+00:00,373152.21691844927
2016-01-01 19:46:00+00:00,364713.3696592688
2016-01-01 19:47:00+00:00,332658.02301318216
2016-01-01 19:48:00+00:00,323395.3541656733
2016-01-01 19:49:00+00:00,323395.3487617733
2016-01-01 19:50:00+00:00,308131.9128261569
2016-01-01 19:51:00+00:00,306811.3297946308
2016-01-01 19:52:00+00:00,306811.3233099508
2016-01-01 19:53:00+00:00,315250.56876936037
2016-01-01 19:54:00+00:00,322439.9760807433
2016-01-01 19:55:00+00:00,305260.9847517181
2016-01-01 19:56:00+00:00,312214.0023542313
2016-01-01 19:57:00+00:00,304637.7878153703
2016-01-01 19:58:00+00:00,319504.8048721491
2016-01-01 19:59:00+00:00,335658.88216912287
2016-01-01 20:00:00+00:00,325490.0103448526
2016-01-01 20:01:00+00:00,299771.7628570858
2016-01-01 20:02:00+00:00,308524.8040687614
2016-01-01 20:03:00+00:00,327898.86156298505
2016-01-01 20:04:00+00:00,300413.76219658816
2016-01-01 20:05:00+00:00,300112.65581809526
2016-01-01 20:06:00+00:00,286137.9240180247
2016-01-01 20:07:00+00:00,284127.5982601009
2016-01-01 20:08:00+00:00,329860.2078847296
2016-01-01 20:09:00+00:00,320893.24450182763
2016-01-01 20:10:00+00:00,329118.3999992284
2016-01-01 20:11:00+00:00,302888.952870721
2016-01-01 20:12:00+00:00,310419.0686998469
2016-01-01 20:13:00+00:00,319612.4959325712
2016-01-01 20:14:00+00:00,292179.1724957624
2016-01-01 20:15:00+00:00,274870.10600607516
2016-01-01 20:16:00+00:00,261290.71860720677
2016-01-01 20:17:00+00:00,259832.38318318216
2016-01-01 20:18:00+00:00,245701.66690348112
2016-01-01 20:19:00+00:00,230531.98113964967
2016-01-01 20:20:00+00:00,269872.2966056284
2016-01-01 20:21:00+00:00,262425.6970326965
2016-01-01 20:22:00+00:00,264799.69573160406
2016-01-01 20:23:00+00:00,280405.1064831841
2016-01-01 20:24:00+00:00,287336.46323435125
2016-01-01 20:25:00+00:00,296108.8241776072
2016-01-01 20:26:00+00:00,291733.02176955715
2016-01-01 20:27:00+00:00,308561.06910873164
2016-01-01 20:28:00+00:00,301300.8810450775
2016-01-01 20:29:00+00:00,326417.0258604809
2016-01-01 20:30:00+00:00,310063.96328627074
2016-01-01 20:31:00+00:00,284184.4545738191
2016-01-01 20:32:00+00:00,321726.34631963435
2016-01-01 20:33:00+00:00,339596.9762371648
2016-01-01 20:34:00+00:00,306599.67280357034
2016-01-01 20:35:00+00:00,323798.8830713758
2016-01-01 20:36:00+00:00,336995.2585460955
2016-01-01 20:37:00+00:00,368874.9150319583
2016-01-01 20:38:00+00:00,368280.7192566667
2016-01-01 20:39:00+00:00,361894.3592571171
2016-01-01 20:40:00+00:00,361487.0870240195
2016-01-01 20:41:00+00:00,352801.6392396751
2016-01-01 20:42:00+00:00,336385.1085887982
2016-01-01 20:43:00+00:00,311620.4742600381
2016-01-01 20:44:00+00:00,302509.9280565957
2016-01-01 20:45:00+00:00,259801.92942097556
2016-01-01 20:46:00+00:00,250063.45605124335
2016-01-01 20:47:00+00:00,245570.78708098215
2016-01-01 20:48:00+00:00,243708.4574156476
2016-01-01 20:49:00+00:00,222923.94400820977
2016-01-01 20:50:00+00:00,286216.05385418865
2016-01-01 20:51:00+00:00,260719.60146369057
2016-01-01 20:52:00+00:00,317512.84352447966
2016-01-01 20:53:00+00:00,316117.1804068197
2016-01-01 20:54:00+00:00,341971.56252219266
2016-01-01 20:55:00+00:00,339885.84766453307
2016-01-01 20:56:00+00:00,326780.42181292333
2016-01-01 20:57:00+00:00,311446.14568723575
2016-01-01 20:58:00+00:00,308171.5997868326
2016-01-01 20:59:00+00:00,330225.73415328434
2016-01-01 21:00:00+00:00,314552.2080873028
2016-01-01 21:01:00+00:00,308381.1350555818
2016-01-01 21:02:00+00:00,298381.803493419
2016-01-01 21:03:00+00:00,315141.1886710655
2016-01-01 21:04:00+00:00,344933.00800966966
2016-01-01 21:05:00+00:00,374420.80978306604
2016-01-01 21:06:00+00:00,372354.84871394665
2016-01-01 21:07:00+00:00,365962.1975013778
2016-01-01 21:08:00+00:00,366281.81558346335
2016-01-01 21:09:00+00:00,339521.7158695284
2016-01-01 21:10:00+00:00,328960.24245469156
2016-01-01 21:11:00+00:00,334696.4022218653
2016-01-01 21:12:00+00:00,263534.7634253502
2016-01-01 21:13:00+00:00,271330.37543333095
2016-01-01 21:14:00+00:00,274327.4478026309
2016-01-01 21:15:00+00:00,280199.91594866366
2016-01-01 21:16:00+00:00,282498.4912474069
2016-01-01 21:17:00+00:00,291589.99864120275
2016-01-01 21:18:00+00:00,317522.1881902432
2016-01-01 21:19:00+00:00,326545.8354963127
2016-01-01 21:20:00+00:00,346048.38761541655
2016-01-01 21:21:00+00:00,372180.49655441596
2016-01-01 21:22:00+00:00,376502.2590477457
2016-01-01 21:23:00+00:00,363372.2633134021
2016-01-01 21:24:00+00:00,363735.8908994708
2016-01-01 21:25:00+00:00,356398.2490616869
2016-01-01 21:26:00+00:00,349230.48158007243
2016-01-01 21:27:00+00:00,349043.69000035047
2016-01-01 21:28:00+00:00,298995.4383707246
2016-01-01 21:29:00+00:00,274797.62230559246
2016-01-01 21:30:00+00:00,276464.3167744142
2016-01-01 21:31:00+00:00,261076.0345128138
2016-01-01 21:32:00+00:00,253623.08075048216
2016-01-01 21:33:00+00:00,254916.88227474657
2016-01-01 21:34:00+00:00,252035.97516993774
2016-01-01 21:35:00+00:00,245065.51016231527
2016-01-01 21:36:00+00:00,245418.61714594206
2016-01-01 21:37:00+00:00,248962.17154202756
2016-01-01 21:38:00+00:00,254616.11455186392
2016-01-01 21:39:00+00:00,262460.43781554495
2016-01-01 21:40:00+00:00,279994.3220554667
2016-01-01 21:41:00+00:00,266439.59354944446
2016-01-01 21:42:00+00:00,307869.3804117131
2016-01-01 21:43:00+00:00,306028.8402922447
2016-01-01 21:44:00+00:00,305282.62994810316
2016-01-01 21:45:00+00:00,278431.46652011015
2016-01-01 21:46:00+00:00,253214.28861661357
2016-01-01 21:47:00+00:00,257903.97809263362
2016-01-01 21:48:00+00:00,265635.3394691169
2016-01-01 21:49:00+00:00,256313.509451983
2016-01-01 21:50:00+00:00,219067.4319204316
2016-01-01 21:51:00+00:00,225581.08584169965
2016-01-01 21:52:00+00:00,254070.25290147754
2016-01-01 21:53:00+00:00,246844.66566777555
2016-01-01 21:54:00+00:00,241655.99440909788
2016-01-01 21:55:00+00:00,242657.8162272526
2016-01-01 21:56:00+00:00,241660.64493971175
2016-01-01 21:57:00+00:00,247069.65479601425
2016-01-01 21:58:00+00:00,272501.9372812305
2016-01-01 21:59:00+00:00,251075.73136661423
2016-01-01 22:00:00+00:00,248996.16650615796
2016-01-01 22:01:00+00:00,260118.2913867133
2016-01-01 22:02:00+00:00,258292.02892633452
2016-01-01 22:03:00+00:00,254197.03501844287
2016-01-01 22:04:00+00:00,226727.769216786
2016-01-01 22:05:00+00:00,232833.90215616673
2016-01-01 22:06:00+00:00,218974.75839417707
2016-01-01 22:07:00+00:00,240612.6916325579
2016-01-01 22:08:00+00:00,262174.86549885967
2016-01-01 22:09:00+00:00,258260.75028690734
2016-01-01 22:10:00+00:00,229954.72185325745
2016-01-01 22:11:00+00:00,242639.76951647876
2016-01-01 22:12:00+00:00,236773.27233556515
2016-01-01 22:13:00+00:00,235956.24665665848
2016-01-01 22:14:00+00:00,259675.13078530037
2016-01-01 22:15:00+00:00,236022.6717505902
2016-01-01 22:16:00+00:00,223355.1296401934
2016-01-01 22:17:00+00:00,244720.64549629643
2016-01-01 22:18:00+00:00,279549.45535064884
2016-01-01 22:19:00+00:00,255493.75947359024
2016-01-01 22:20:00+00:00,228720.1083238135
2016-01-01 22:21:00+00:00,235354.00861914433
2016-01-01 22:22:00+00:00,279451.7179719116
2016-01-01 22:23:00+00:00,262830.12733042834
2016-01-01 22:24:00+00:00,226198.4183772647
2016-01-01 22:25:00+00:00,216203.0211006868
2016-01-01 22:26:00+00:00,210811.74213171698
2016-01-01 22:27:00+00:00,268180.47845551214
2016-01-01 22:28:00+00:00,242805.46043579912
2016-01-01 22:29:00+00:00,206172.71251821957
2016-01-01 22:30:00+00:00,183516.6235522893
2016-01-01 22:31:00+00:00,215955.9847157281
2016-01-01 22:32:00+00:00,230733.7889073769
2016-01-01 22:33:00+00:00,285611.03874011594
2016-01-01 22:34:00+00:00,258702.59472511944
2016-01-01 22:35:00+00:00,238441.46594056976
2016-01-01 22:36:00+00:00,228383.73671254056
2016-01-01 22:37:00+00:00,218235.31696413815
2016-01-01 22:38:00+00:00,222640.56612376246
2016-01-01 22:39:00+00:00,225512.03265999997
2016-01-01 22:40:00+00:00,178676.39406232024
2016-01-01 22:41:00+00:00,187307.55164744216
2016-01-01 22:42:00+00:00,178932.4155022236
2016-01-01 22:43:00+00:00,166640.27645620747
2016-01-01 22:44:00+00:00,174792.40886950874
2016-01-01 22:45:00+00:00,165884.6714520163
2016-01-01 22:46:00+00:00,160717.57804198182
2016-01-01 22:47:00+00:00,139825.3651675687
2016-01-01 22:48:00+00:00,143712.80757294665
2016-01-01 22:49:00+00:00,131746.02541820155
2016-01-01 22:50:00+00:00,150485.45193915727
2016-01-01 22:51:00+00:00,148905.33174757755
2016-01-01 22:52:00+00:00,136096.9313556731
2016-01-01 22:53:00+00:00,116701.60747678939
2016-01-01 22:54:00+00:00,134705.23398828082
2016-01-01 22:55:00+00:00,116676.62826435926
2016-01-01 22:56:00+00:00,123216.39850799882
2016-01-01 22:57:00+00:00,131747.96049686076
2016-01-01 22:58:00+00:00,124036.26855533128
2016-01-01 22:59:00+00:00,115462.6492487415
2016-01-01 23:00:00+00:00,115462.6492487415
2016-01-01 23:01:00+00:00,115581.42161729613
2016-01-01 23:02:00+00:00,115581.42161729613
2016-01-01 23:03:00+00:00,115581.42161729613
2016-01-01 23:04:00+00:00,115581.42161729613
2016-01-01 23:05:00+00:00,115581.42161729613
2016-01-01 23:06:00+00:00,115581.42161729613
2016-01-01 23:07:00+00:00,115581.42161729613
2016-01-01 23:08:00+00:00,115581.42161729613
2016-01-01 23:09:00+00:00,115581.42161729613
2016-01-01 23:10:00+00:00,115581.42161729613
2016-01-01 23:11:00+00:00,115581.42161729613
2016-01-01 23:12:00+00:00,115581.42161729613
2016-01-01 23:13:00+00:00,115581.42161729613
2016-01-01 23:14:00+00:00,115581.42161729613
2016-01-01 23:15:00+00:00,115581.42161729613
2016-01-01 23:16:00+00:00,115581.42161729613
2016-01-01 23:17:00+00:00,115581.42161729613
2016-01-01 23:18:00+00:00,115581.42161729613
2016-01-01 23:19:00+00:00,115581.42161729613
2016-01-01 23:20:00+00:00,115581.42161729613
2016-01-01 23:21:00+00:00,115581.42161729613
2016-01-01 23:22:00+00:00,115581.42161729613
2016-01-01 23:23:00+00:00,115581.42161729613
2016-01-01 23:24:00+00:00,115581.42161729613
2016-01-01 23:25:00+00:00,115581.42161729613
2016-01-01 23:26:00+00:00,115581.42161729613
2016-01-01 23:27:00+00:00,115581.42161729613
2016-01-01 23:28:00+00:00,115581.42161729613
2016-01-01 23:29:00+00:00,115581.42161729613
2016-01-01 23:30:00+00:00,115581.42161729613
2016-01-01 23:31:00+00:00,115581.42161729613
2016-01-01 23:32:00+00:00,115581.42161729613
2016-01-01 23:33:00+00:00,115581.42161729613
2016-01-01 23:34:00+00:00,115581.42161729613
2016-01-01 23:35:00+00:00,115581.42161729613
2016-01-01 23:36:00+00:00,115581.42161729613
2016-01-01 23:37:00+00:00,115581.42161729613
2016-01-01 23:38:00+00:00,115581.42161729613
2016-01-01 23:39:00+00:00,115581.42161729613
2016-01-01 23:40:00+00:00,115581.42161729613
2016-01-01 23:41:00+00:00,115581.42161729613
2016-01-01 23:42:00+00:00,115581.42161729613
2016-01-01 23:43:00+00:00,115581.42161729613
2016-01-01 23:44:00+00:00,115581.42161729613
2016-01-01 23:45:00+00:00,115581.42161729613
2016-01-01 23:46:00+00:00,115581.42161729613
2016-01-01 23:47:00+00:00,115581.42161729613
2016-01-01 23:48:00+00:00,115581.42161729613
2016-01-01 23:49:00+00:00,115581.42161729613
2016-01-01 23:50:00+00:00,115581.42161729613
2016-01-01 23:51:00+00:00,115581.42161729613
2016-01-01 23:52:00+00:00,115581.42161729613
2016-01-01 23:53:00+00:00,115581.42161729613
2016-01-01 23:54:00+00:00,115581.42161729613
2016-01-01 23:55:00+00:00,115581.42161729613
2016-01-01 23:56:00+00:00,115581.42161729613
2016-01-01 23:57:00+00:00,115581.42161729613
2016-01-01 23:58:00+00:00,115581.42161729613
2016-01-01 23:59:00+00:00,115581.42161729613
