,Charging Profile
2016-01-01 00:00:00+00:00,54.96887024330084
2016-01-01 00:01:00+00:00,54.96887024330084
2016-01-01 00:02:00+00:00,142.1546022695654
2016-01-01 00:03:00+00:00,58.514862401948065
2016-01-01 00:04:00+00:00,65.77011462597896
2016-01-01 00:05:00+00:00,76.51796089479456
2016-01-01 00:06:00+00:00,83.1525334374709
2016-01-01 00:07:00+00:00,86.98172895399297
2016-01-01 00:08:00+00:00,93.78868938093376
2016-01-01 00:09:00+00:00,97.39738263160493
2016-01-01 00:10:00+00:00,93.7544792615542
2016-01-01 00:11:00+00:00,93.38698972229238
2016-01-01 00:12:00+00:00,93.38698972229238
2016-01-01 00:13:00+00:00,93.21547742501285
2016-01-01 00:14:00+00:00,93.21547742501285
2016-01-01 00:15:00+00:00,93.13611747030025
2016-01-01 00:16:00+00:00,89.54963083173023
2016-01-01 00:17:00+00:00,89.54963083173023
2016-01-01 00:18:00+00:00,89.53701449642567
2016-01-01 00:19:00+00:00,89.53701449642567
2016-01-01 00:20:00+00:00,86.21649275843991
2016-01-01 00:21:00+00:00,170.38639242873995
2016-01-01 00:22:00+00:00,170.38639242873995
2016-01-01 00:23:00+00:00,156.66593879719636
2016-01-01 00:24:00+00:00,160.07033697643791
2016-01-01 00:25:00+00:00,60.739981812538396
2016-01-01 00:26:00+00:00,53.599518645457906
2016-01-01 00:27:00+00:00,57.26387430463939
2016-01-01 00:28:00+00:00,57.26387430463939
2016-01-01 00:29:00+00:00,57.26387430463939
2016-01-01 00:30:00+00:00,47.380523176853856
2016-01-01 00:31:00+00:00,46.366623989805134
2016-01-01 00:32:00+00:00,56.040249873921404
2016-01-01 00:33:00+00:00,66.70234203595695
2016-01-01 00:34:00+00:00,73.87272933274132
2016-01-01 00:35:00+00:00,84.85151134556622
2016-01-01 00:36:00+00:00,99.34159366982988
2016-01-01 00:37:00+00:00,89.6679677857136
2016-01-01 00:38:00+00:00,87.1570521690789
2016-01-01 00:39:00+00:00,87.10016832310524
2016-01-01 00:40:00+00:00,183.50194247846687
2016-01-01 00:41:00+00:00,190.54594102045994
2016-01-01 00:42:00+00:00,197.6818802056222
2016-01-01 00:43:00+00:00,197.6818802056222
2016-01-01 00:44:00+00:00,79.5091967659182
2016-01-01 00:45:00+00:00,86.66713866696252
2016-01-01 00:46:00+00:00,75.89684712227131
2016-01-01 00:47:00+00:00,72.22154484527114
2016-01-01 00:48:00+00:00,82.22240662916558
2016-01-01 00:49:00+00:00,144.57374503916995
2016-01-01 00:50:00+00:00,78.5580509699841
2016-01-01 00:51:00+00:00,75.03714951018311
2016-01-01 00:52:00+00:00,75.03714951018311
2016-01-01 00:53:00+00:00,65.27244733744097
2016-01-01 00:54:00+00:00,65.43883861924168
2016-01-01 00:55:00+00:00,69.11455755813785
2016-01-01 00:56:00+00:00,69.34017774006088
2016-01-01 00:57:00+00:00,69.27170134149564
2016-01-01 00:58:00+00:00,69.27170134149564
2016-01-01 00:59:00+00:00,69.3359154098605
2016-01-01 01:00:00+00:00,65.66539657781458
2016-01-01 01:01:00+00:00,121.32563910814555
2016-01-01 01:02:00+00:00,69.33647956027671
2016-01-01 01:03:00+00:00,69.33647956027671
2016-01-01 01:04:00+00:00,73.01039293608711
2016-01-01 01:05:00+00:00,65.91502208819792
2016-01-01 01:06:00+00:00,91.04512367717608
2016-01-01 01:07:00+00:00,54.73944419997624
2016-01-01 01:08:00+00:00,54.73944419997624
2016-01-01 01:09:00+00:00,54.73944419997624
2016-01-01 01:10:00+00:00,64.91262567966385
2016-01-01 01:11:00+00:00,61.23605533806441
2016-01-01 01:12:00+00:00,163.351267135923
2016-01-01 01:13:00+00:00,86.08886212789785
2016-01-01 01:14:00+00:00,86.17419060980629
2016-01-01 01:15:00+00:00,82.51137357773159
2016-01-01 01:16:00+00:00,79.4882624647114
2016-01-01 01:17:00+00:00,79.27281092865222
2016-01-01 01:18:00+00:00,82.89378047504113
2016-01-01 01:19:00+00:00,86.53243446092613
2016-01-01 01:20:00+00:00,79.41615526687094
2016-01-01 01:21:00+00:00,86.73776344773437
2016-01-01 01:22:00+00:00,76.35463331106436
2016-01-01 01:23:00+00:00,83.53061343564917
2016-01-01 01:24:00+00:00,156.58951370273678
2016-01-01 01:25:00+00:00,72.9204149677481
2016-01-01 01:26:00+00:00,76.51480783691355
2016-01-01 01:27:00+00:00,76.46822340101238
2016-01-01 01:28:00+00:00,72.79714041855023
2016-01-01 01:29:00+00:00,69.30133269823024
2016-01-01 01:30:00+00:00,65.68703425825164
2016-01-01 01:31:00+00:00,83.71904527428214
2016-01-01 01:32:00+00:00,80.09366819416188
2016-01-01 01:33:00+00:00,150.28337931260066
2016-01-01 01:34:00+00:00,80.11572878219174
2016-01-01 01:35:00+00:00,83.67627356055958
2016-01-01 01:36:00+00:00,87.3188024661154
2016-01-01 01:37:00+00:00,83.68014848023039
2016-01-01 01:38:00+00:00,69.1288213261036
2016-01-01 01:39:00+00:00,78.4070309024678
2016-01-01 01:40:00+00:00,74.78606135607889
2016-01-01 01:41:00+00:00,74.78606135607889
2016-01-01 01:42:00+00:00,65.5078517797147
2016-01-01 01:43:00+00:00,65.5078517797147
2016-01-01 01:44:00+00:00,146.80750172583387
2016-01-01 01:45:00+00:00,71.56127148041851
2016-01-01 01:46:00+00:00,71.56127148041851
2016-01-01 01:47:00+00:00,67.8950826097071
2016-01-01 01:48:00+00:00,74.6763810114246
2016-01-01 01:49:00+00:00,71.02935711621522
2016-01-01 01:50:00+00:00,63.8711028528616
2016-01-01 01:51:00+00:00,71.1926908165338
2016-01-01 01:52:00+00:00,68.81315265836757
2016-01-01 01:53:00+00:00,79.27667031369266
2016-01-01 01:54:00+00:00,79.39072339881578
2016-01-01 01:55:00+00:00,83.08470320313559
2016-01-01 01:56:00+00:00,76.40277866336521
2016-01-01 01:57:00+00:00,76.40277866336521
2016-01-01 01:58:00+00:00,76.39963936847441
2016-01-01 01:59:00+00:00,69.58829933103408
2016-01-01 02:00:00+00:00,68.56398816084207
2016-01-01 02:01:00+00:00,72.25494053042118
2016-01-01 02:02:00+00:00,75.87187496886472
2016-01-01 02:03:00+00:00,86.87155734850873
2016-01-01 02:04:00+00:00,97.711734357855
2016-01-01 02:05:00+00:00,94.04088844765212
2016-01-01 02:06:00+00:00,104.07916788987788
2016-01-01 02:07:00+00:00,90.41810699277556
2016-01-01 02:08:00+00:00,104.10809938740505
2016-01-01 02:09:00+00:00,107.7353205672228
2016-01-01 02:10:00+00:00,111.30718876690278
2016-01-01 02:11:00+00:00,107.69437167121382
2016-01-01 02:12:00+00:00,104.13410134886124
2016-01-01 02:13:00+00:00,94.11503699779652
2016-01-01 02:14:00+00:00,97.76563083338559
2016-01-01 02:15:00+00:00,105.00128950601754
2016-01-01 02:16:00+00:00,108.58289836837125
2016-01-01 02:17:00+00:00,105.0298648236961
2016-01-01 02:18:00+00:00,91.3050678755161
2016-01-01 02:19:00+00:00,138.2701675999678
2016-01-01 02:20:00+00:00,84.06305570577288
2016-01-01 02:21:00+00:00,84.06305570577288
2016-01-01 02:22:00+00:00,97.2246746219484
2016-01-01 02:23:00+00:00,100.76807292000964
2016-01-01 02:24:00+00:00,100.77242687927375
2016-01-01 02:25:00+00:00,104.41430638069289
2016-01-01 02:26:00+00:00,104.39474419568484
2016-01-01 02:27:00+00:00,107.94851663777493
2016-01-01 02:28:00+00:00,107.94851663777493
2016-01-01 02:29:00+00:00,98.3696622701876
2016-01-01 02:30:00+00:00,98.3696622701876
2016-01-01 02:31:00+00:00,152.56491503095802
2016-01-01 02:32:00+00:00,93.97975233671318
2016-01-01 02:33:00+00:00,90.43807030472115
2016-01-01 02:34:00+00:00,90.43807030472115
2016-01-01 02:35:00+00:00,139.46215664034654
2016-01-01 02:36:00+00:00,86.74987163090327
2016-01-01 02:37:00+00:00,86.74987163090327
2016-01-01 02:38:00+00:00,79.55582824714145
2016-01-01 02:39:00+00:00,72.95728382865684
2016-01-01 02:40:00+00:00,72.95728382865684
2016-01-01 02:41:00+00:00,83.7456959609869
2016-01-01 02:42:00+00:00,76.48194347819805
2016-01-01 02:43:00+00:00,76.48194347819805
2016-01-01 02:44:00+00:00,89.7282955356105
2016-01-01 02:45:00+00:00,89.7282955356105
2016-01-01 02:46:00+00:00,86.18489723754928
2016-01-01 02:47:00+00:00,89.81838612283674
2016-01-01 02:48:00+00:00,89.81838612283674
2016-01-01 02:49:00+00:00,160.2999193883925
2016-01-01 02:50:00+00:00,89.91290816905324
2016-01-01 02:51:00+00:00,73.07931666577052
2016-01-01 02:52:00+00:00,89.92561157662145
2016-01-01 02:53:00+00:00,93.55244495582365
2016-01-01 02:54:00+00:00,93.55244495582365
2016-01-01 02:55:00+00:00,104.34845235791367
2016-01-01 02:56:00+00:00,104.34845235791367
2016-01-01 02:57:00+00:00,118.90753363352964
2016-01-01 02:58:00+00:00,122.46240322354281
2016-01-01 02:59:00+00:00,189.95132852746366
2016-01-01 03:00:00+00:00,211.68777057729952
2016-01-01 03:01:00+00:00,109.19221815772774
2016-01-01 03:02:00+00:00,116.37492340759438
2016-01-01 03:03:00+00:00,101.81953839990418
2016-01-01 03:04:00+00:00,101.81953839990418
2016-01-01 03:05:00+00:00,83.61260566023645
2016-01-01 03:06:00+00:00,188.77447352027423
2016-01-01 03:07:00+00:00,199.75218275959546
2016-01-01 03:08:00+00:00,214.00188587002287
2016-01-01 03:09:00+00:00,125.34342499416132
2016-01-01 03:10:00+00:00,142.23925077949124
2016-01-01 03:11:00+00:00,138.58464387534013
2016-01-01 03:12:00+00:00,138.71187489807917
2016-01-01 03:13:00+00:00,124.76561740826835
2016-01-01 03:14:00+00:00,115.02472752633375
2016-01-01 03:15:00+00:00,107.17176406759611
2016-01-01 03:16:00+00:00,96.49663286760821
2016-01-01 03:17:00+00:00,157.336800874523
2016-01-01 03:18:00+00:00,90.47949697074921
2016-01-01 03:19:00+00:00,94.03371464213961
2016-01-01 03:20:00+00:00,94.03371464213961
2016-01-01 03:21:00+00:00,83.23770724004962
2016-01-01 03:22:00+00:00,105.01084429409974
2016-01-01 03:23:00+00:00,87.67070111773285
2016-01-01 03:24:00+00:00,108.14764066306057
2016-01-01 03:25:00+00:00,108.14764066306057
2016-01-01 03:26:00+00:00,121.72254189412553
2016-01-01 03:27:00+00:00,125.41277751742109
2016-01-01 03:28:00+00:00,135.75675149707857
2016-01-01 03:29:00+00:00,132.09325272736496
2016-01-01 03:30:00+00:00,128.56306292248522
2016-01-01 03:31:00+00:00,201.2265157615407
2016-01-01 03:32:00+00:00,139.80088767171705
2016-01-01 03:33:00+00:00,109.18716064148757
2016-01-01 03:34:00+00:00,109.22086080256042
2016-01-01 03:35:00+00:00,122.6077423808481
2016-01-01 03:36:00+00:00,186.37540732317922
2016-01-01 03:37:00+00:00,178.63489954693767
2016-01-01 03:38:00+00:00,126.1658075035987
2016-01-01 03:39:00+00:00,137.0867955734638
2016-01-01 03:40:00+00:00,137.0867955734638
2016-01-01 03:41:00+00:00,126.21902791391844
2016-01-01 03:42:00+00:00,129.91069194993187
2016-01-01 03:43:00+00:00,116.50496554328367
2016-01-01 03:44:00+00:00,116.31074776748895
2016-01-01 03:45:00+00:00,112.7142396686327
2016-01-01 03:46:00+00:00,112.7142396686327
2016-01-01 03:47:00+00:00,112.85489441304061
2016-01-01 03:48:00+00:00,112.85489441304061
2016-01-01 03:49:00+00:00,120.13147403702627
2016-01-01 03:50:00+00:00,116.44495559861019
2016-01-01 03:51:00+00:00,129.59628697609966
2016-01-01 03:52:00+00:00,129.59628697609966
2016-01-01 03:53:00+00:00,107.91601366687514
2016-01-01 03:54:00+00:00,111.5180878199061
2016-01-01 03:55:00+00:00,100.66619618403115
2016-01-01 03:56:00+00:00,115.2514164434532
2016-01-01 03:57:00+00:00,98.42527633559212
2016-01-01 03:58:00+00:00,98.42527633559212
2016-01-01 03:59:00+00:00,108.71474763948802
2016-01-01 04:00:00+00:00,105.07898106999576
2016-01-01 04:01:00+00:00,126.82289791392783
2016-01-01 04:02:00+00:00,141.33582123803515
2016-01-01 04:03:00+00:00,141.33582123803515
2016-01-01 04:04:00+00:00,141.33582123803515
2016-01-01 04:05:00+00:00,151.7867963646228
2016-01-01 04:06:00+00:00,156.03419542594534
2016-01-01 04:07:00+00:00,147.54612949535024
2016-01-01 04:08:00+00:00,147.54612949535024
2016-01-01 04:09:00+00:00,137.71464831810349
2016-01-01 04:10:00+00:00,123.27484645509023
2016-01-01 04:11:00+00:00,112.49562977131335
2016-01-01 04:12:00+00:00,119.00525460523941
2016-01-01 04:13:00+00:00,133.39997120572082
2016-01-01 04:14:00+00:00,129.81313090780748
2016-01-01 04:15:00+00:00,130.70232988795817
2016-01-01 04:16:00+00:00,120.25135476137051
2016-01-01 04:17:00+00:00,123.8064184430619
2016-01-01 04:18:00+00:00,113.10958083849133
2016-01-01 04:19:00+00:00,109.47881842907444
2016-01-01 04:20:00+00:00,113.02761764919771
2016-01-01 04:21:00+00:00,109.58185087639954
2016-01-01 04:22:00+00:00,109.58185087639954
2016-01-01 04:23:00+00:00,109.58185087639954
2016-01-01 04:24:00+00:00,116.88153640934418
2016-01-01 04:25:00+00:00,134.03952803424727
2016-01-01 04:26:00+00:00,134.03952803424727
2016-01-01 04:27:00+00:00,130.4298772495258
2016-01-01 04:28:00+00:00,211.51200745334097
2016-01-01 04:29:00+00:00,137.78851633687125
2016-01-01 04:30:00+00:00,137.78851633687125
2016-01-01 04:31:00+00:00,140.7393885898675
2016-01-01 04:32:00+00:00,130.7961847442933
2016-01-01 04:33:00+00:00,127.90855806620233
2016-01-01 04:34:00+00:00,131.43074758755225
2016-01-01 04:35:00+00:00,127.87568390586084
2016-01-01 04:36:00+00:00,149.78241109403305
2016-01-01 04:37:00+00:00,146.2336118739098
2016-01-01 04:38:00+00:00,156.59418111815637
2016-01-01 04:39:00+00:00,160.2754154487605
2016-01-01 04:40:00+00:00,152.88355981220974
2016-01-01 04:41:00+00:00,151.69470672632843
2016-01-01 04:42:00+00:00,151.69470672632843
2016-01-01 04:43:00+00:00,151.69470672632843
2016-01-01 04:44:00+00:00,148.03606763898293
2016-01-01 04:45:00+00:00,137.76466015569784
2016-01-01 04:46:00+00:00,126.6885689771356
2016-01-01 04:47:00+00:00,119.54843832998294
2016-01-01 04:48:00+00:00,109.79636922890379
2016-01-01 04:49:00+00:00,120.60568186202399
2016-01-01 04:50:00+00:00,134.28628604637993
2016-01-01 04:51:00+00:00,206.4380902713697
2016-01-01 04:52:00+00:00,243.06610235069724
2016-01-01 04:53:00+00:00,126.0877370068807
2016-01-01 04:54:00+00:00,122.41770001579921
2016-01-01 04:55:00+00:00,202.39284398137275
2016-01-01 04:56:00+00:00,98.52222431943619
2016-01-01 04:57:00+00:00,102.15873976977872
2016-01-01 04:58:00+00:00,102.15873976977872
2016-01-01 04:59:00+00:00,87.64603095604981
2016-01-01 05:00:00+00:00,80.66120100556368
2016-01-01 05:01:00+00:00,88.03829042683599
2016-01-01 05:02:00+00:00,95.31700490467507
2016-01-01 05:03:00+00:00,99.01064013036836
2016-01-01 05:04:00+00:00,102.65944420115248
2016-01-01 05:05:00+00:00,95.28273483986878
2016-01-01 05:06:00+00:00,109.54661944083698
2016-01-01 05:07:00+00:00,109.54661944083698
2016-01-01 05:08:00+00:00,94.99031622862762
2016-01-01 05:09:00+00:00,94.99031622862762
2016-01-01 05:10:00+00:00,91.33077831763553
2016-01-01 05:11:00+00:00,102.05093456996512
2016-01-01 05:12:00+00:00,101.98660717777233
2016-01-01 05:13:00+00:00,101.98660717777233
2016-01-01 05:14:00+00:00,98.28660717777232
2016-01-01 05:15:00+00:00,175.00394713645383
2016-01-01 05:16:00+00:00,101.93636247706979
2016-01-01 05:17:00+00:00,91.2162062247402
2016-01-01 05:18:00+00:00,90.55410383281226
2016-01-01 05:19:00+00:00,87.18631547148017
2016-01-01 05:20:00+00:00,87.1269631041457
2016-01-01 05:21:00+00:00,87.1269631041457
2016-01-01 05:22:00+00:00,76.94254385548122
2016-01-01 05:23:00+00:00,77.33338760867167
2016-01-01 05:24:00+00:00,73.65909409057772
2016-01-01 05:25:00+00:00,80.34627463994687
2016-01-01 05:26:00+00:00,80.21623491436799
2016-01-01 05:27:00+00:00,83.91232525609452
2016-01-01 05:28:00+00:00,83.91232525609452
2016-01-01 05:29:00+00:00,80.21463330470897
2016-01-01 05:30:00+00:00,83.91424803654512
2016-01-01 05:31:00+00:00,91.22346268527903
2016-01-01 05:32:00+00:00,91.22346268527903
2016-01-01 05:33:00+00:00,94.8968519986503
2016-01-01 05:34:00+00:00,105.69110655913246
2016-01-01 05:35:00+00:00,105.69110655913246
2016-01-01 05:36:00+00:00,102.04135125983498
2016-01-01 05:37:00+00:00,102.04135125983498
2016-01-01 05:38:00+00:00,108.96890555896324
2016-01-01 05:39:00+00:00,133.22190025444564
2016-01-01 05:40:00+00:00,122.30755512585569
2016-01-01 05:41:00+00:00,129.4265240555149
2016-01-01 05:42:00+00:00,125.79986800836188
2016-01-01 05:43:00+00:00,129.54075367821736
2016-01-01 05:44:00+00:00,122.32159241126358
2016-01-01 05:45:00+00:00,125.94126300870082
2016-01-01 05:46:00+00:00,122.32653712745753
2016-01-01 05:47:00+00:00,116.26884737774364
2016-01-01 05:48:00+00:00,105.31438952773848
2016-01-01 05:49:00+00:00,112.55680749593327
2016-01-01 05:50:00+00:00,105.4562066554907
2016-01-01 05:51:00+00:00,116.34019580179393
2016-01-01 05:52:00+00:00,116.34019580179393
2016-01-01 05:53:00+00:00,211.63536947289728
2016-01-01 05:54:00+00:00,218.35137577393357
2016-01-01 05:55:00+00:00,126.80043644877554
2016-01-01 05:56:00+00:00,126.80043644877554
2016-01-01 05:57:00+00:00,112.50352732302365
2016-01-01 05:58:00+00:00,101.91013505123941
2016-01-01 05:59:00+00:00,91.29401684419378
2016-01-01 06:00:00+00:00,94.81358745955473
2016-01-01 06:01:00+00:00,107.01826181720644
2016-01-01 06:02:00+00:00,103.47584384901164
2016-01-01 06:03:00+00:00,166.0914957972283
2016-01-01 06:04:00+00:00,94.9278893410201
2016-01-01 06:05:00+00:00,94.9278893410201
2016-01-01 06:06:00+00:00,247.75776588567567
2016-01-01 06:07:00+00:00,193.45119365546708
2016-01-01 06:08:00+00:00,196.8642807611356
2016-01-01 06:09:00+00:00,307.81228082194417
2016-01-01 06:10:00+00:00,98.0127938421893
2016-01-01 06:11:00+00:00,94.36083311632271
2016-01-01 06:12:00+00:00,171.23462212653783
2016-01-01 06:13:00+00:00,107.47569366890959
2016-01-01 06:14:00+00:00,93.39565388526371
2016-01-01 06:15:00+00:00,97.08761709615055
2016-01-01 06:16:00+00:00,103.35271897164954
2016-01-01 06:17:00+00:00,113.93494700036824
2016-01-01 06:18:00+00:00,205.13260290638485
2016-01-01 06:19:00+00:00,113.72779593000146
2016-01-01 06:20:00+00:00,113.72779593000146
2016-01-01 06:21:00+00:00,125.07722947552728
2016-01-01 06:22:00+00:00,122.92466635812718
2016-01-01 06:23:00+00:00,132.03142774692955
2016-01-01 06:24:00+00:00,128.4405293525635
2016-01-01 06:25:00+00:00,139.39554571559896
2016-01-01 06:26:00+00:00,143.073001153545
2016-01-01 06:27:00+00:00,157.6706565505002
2016-01-01 06:28:00+00:00,144.91752644354332
2016-01-01 06:29:00+00:00,141.28826371584546
2016-01-01 06:30:00+00:00,137.7687445746987
2016-01-01 06:31:00+00:00,130.370552212301
2016-01-01 06:32:00+00:00,223.59091613774055
2016-01-01 06:33:00+00:00,216.93402915822875
2016-01-01 06:34:00+00:00,131.06837427755693
2016-01-01 06:35:00+00:00,134.72961804930927
2016-01-01 06:36:00+00:00,134.89576999486843
2016-01-01 06:37:00+00:00,137.39571988195664
2016-01-01 06:38:00+00:00,137.39571988195664
2016-01-01 06:39:00+00:00,152.09219891858206
2016-01-01 06:40:00+00:00,153.1958732505339
2016-01-01 06:41:00+00:00,182.3804122284983
2016-01-01 06:42:00+00:00,178.68674192395187
2016-01-01 06:43:00+00:00,189.15544597370936
2016-01-01 06:44:00+00:00,196.48504628024676
2016-01-01 06:45:00+00:00,196.48504628024676
2016-01-01 06:46:00+00:00,192.78504628024677
2016-01-01 06:47:00+00:00,189.1592331831761
2016-01-01 06:48:00+00:00,189.1592331831761
2016-01-01 06:49:00+00:00,210.9881000683585
2016-01-01 06:50:00+00:00,210.9881000683585
2016-01-01 06:51:00+00:00,182.0105376355126
2016-01-01 06:52:00+00:00,237.9065860875112
2016-01-01 06:53:00+00:00,195.7817505896527
2016-01-01 06:54:00+00:00,195.7817505896527
2016-01-01 06:55:00+00:00,290.9871549834901
2016-01-01 06:56:00+00:00,290.9871549834901
2016-01-01 06:57:00+00:00,303.43409536145646
2016-01-01 06:58:00+00:00,303.5497278993003
2016-01-01 06:59:00+00:00,294.79610591984147
2016-01-01 07:00:00+00:00,305.14041788451584
2016-01-01 07:01:00+00:00,418.9674963729616
2016-01-01 07:02:00+00:00,333.54906567901224
2016-01-01 07:03:00+00:00,333.54906567901224
2016-01-01 07:04:00+00:00,334.1906645341981
2016-01-01 07:05:00+00:00,207.3948163346851
2016-01-01 07:06:00+00:00,207.3948163346851
2016-01-01 07:07:00+00:00,200.16452150451408
2016-01-01 07:08:00+00:00,200.16452150451408
2016-01-01 07:09:00+00:00,193.5202095398397
2016-01-01 07:10:00+00:00,197.17210101604883
2016-01-01 07:11:00+00:00,197.17210101604883
2016-01-01 07:12:00+00:00,193.81349965472265
2016-01-01 07:13:00+00:00,193.86627555648988
2016-01-01 07:14:00+00:00,190.16627555648986
2016-01-01 07:15:00+00:00,190.1223989791558
2016-01-01 07:16:00+00:00,208.1664864807028
2016-01-01 07:17:00+00:00,215.4284628828984
2016-01-01 07:18:00+00:00,309.14445839992663
2016-01-01 07:19:00+00:00,290.9268845798302
2016-01-01 07:20:00+00:00,305.0826580601592
2016-01-01 07:21:00+00:00,294.0832425458553
2016-01-01 07:22:00+00:00,402.6136685168931
2016-01-01 07:23:00+00:00,402.98078610662714
2016-01-01 07:24:00+00:00,399.29359424553786
2016-01-01 07:25:00+00:00,294.56924116991314
2016-01-01 07:26:00+00:00,294.56924116991314
2016-01-01 07:27:00+00:00,182.3727510126266
2016-01-01 07:28:00+00:00,164.41706127406434
2016-01-01 07:29:00+00:00,164.41706127406434
2016-01-01 07:30:00+00:00,160.7651697978552
2016-01-01 07:31:00+00:00,160.7651697978552
2016-01-01 07:32:00+00:00,160.7651697978552
2016-01-01 07:33:00+00:00,168.13414323092726
2016-01-01 07:34:00+00:00,177.89259402967076
2016-01-01 07:35:00+00:00,188.4893281893292
2016-01-01 07:36:00+00:00,192.16998829332638
2016-01-01 07:37:00+00:00,167.1205254283575
2016-01-01 07:38:00+00:00,163.35690532310372
2016-01-01 07:39:00+00:00,181.31193833860235
2016-01-01 07:40:00+00:00,173.09688448190235
2016-01-01 07:41:00+00:00,160.70714717820442
2016-01-01 07:42:00+00:00,160.70714717820442
2016-01-01 07:43:00+00:00,164.38738649115996
2016-01-01 07:44:00+00:00,269.9492809366418
2016-01-01 07:45:00+00:00,340.1280307234762
2016-01-01 07:46:00+00:00,419.4098950228503
2016-01-01 07:47:00+00:00,183.066988125586
2016-01-01 07:48:00+00:00,186.65790872740644
2016-01-01 07:49:00+00:00,186.72503142578645
2016-01-01 07:50:00+00:00,190.42212615060276
2016-01-01 07:51:00+00:00,201.26085978219317
2016-01-01 07:52:00+00:00,212.08575331083017
2016-01-01 07:53:00+00:00,219.49634155659848
2016-01-01 07:54:00+00:00,297.8020769331437
2016-01-01 07:55:00+00:00,237.8660917635491
2016-01-01 07:56:00+00:00,234.21823310867745
2016-01-01 07:57:00+00:00,230.58892942179003
2016-01-01 07:58:00+00:00,230.55346383244557
2016-01-01 07:59:00+00:00,252.03162981786096
2016-01-01 08:00:00+00:00,255.71999832151553
2016-01-01 08:01:00+00:00,349.866206872985
2016-01-01 08:02:00+00:00,418.0015076523882
2016-01-01 08:03:00+00:00,360.0567096076664
2016-01-01 08:04:00+00:00,359.163691214138
2016-01-01 08:05:00+00:00,461.828206220224
2016-01-01 08:06:00+00:00,469.1653971554478
2016-01-01 08:07:00+00:00,394.21485100559715
2016-01-01 08:08:00+00:00,287.9375411825837
2016-01-01 08:09:00+00:00,302.2319560060371
2016-01-01 08:10:00+00:00,280.76223276419194
2016-01-01 08:11:00+00:00,280.76223276419194
2016-01-01 08:12:00+00:00,284.32471225232837
2016-01-01 08:13:00+00:00,279.6876860898442
2016-01-01 08:14:00+00:00,286.99581468875476
2016-01-01 08:15:00+00:00,397.63651275346876
2016-01-01 08:16:00+00:00,401.3358848015336
2016-01-01 08:17:00+00:00,415.94348936907
2016-01-01 08:18:00+00:00,288.3828476767992
2016-01-01 08:19:00+00:00,284.69703999846456
2016-01-01 08:20:00+00:00,295.50234662718924
2016-01-01 08:21:00+00:00,303.25878367209054
2016-01-01 08:22:00+00:00,323.89389684139405
2016-01-01 08:23:00+00:00,313.1393658295714
2016-01-01 08:24:00+00:00,305.5225731197647
2016-01-01 08:25:00+00:00,305.7735906091373
2016-01-01 08:26:00+00:00,301.27588670594696
2016-01-01 08:27:00+00:00,322.7815493882129
2016-01-01 08:28:00+00:00,312.4369872696397
2016-01-01 08:29:00+00:00,301.4721764786437
2016-01-01 08:30:00+00:00,284.3384630828359
2016-01-01 08:31:00+00:00,291.71183361407196
2016-01-01 08:32:00+00:00,313.8781452218109
2016-01-01 08:33:00+00:00,317.93628919944086
2016-01-01 08:34:00+00:00,321.62133840998763
2016-01-01 08:35:00+00:00,299.7062444580705
2016-01-01 08:36:00+00:00,403.5054799809969
2016-01-01 08:37:00+00:00,507.5676108205397
2016-01-01 08:38:00+00:00,500.3624059011133
2016-01-01 08:39:00+00:00,496.75858061070693
2016-01-01 08:40:00+00:00,378.3104410576223
2016-01-01 08:41:00+00:00,494.22981182904425
2016-01-01 08:42:00+00:00,432.48370381358046
2016-01-01 08:43:00+00:00,436.12692649984524
2016-01-01 08:44:00+00:00,447.03075348548754
2016-01-01 08:45:00+00:00,338.77596980629573
2016-01-01 08:46:00+00:00,420.9581657000016
2016-01-01 08:47:00+00:00,446.2205460978587
2016-01-01 08:48:00+00:00,478.11159259553153
2016-01-01 08:49:00+00:00,410.25273408740077
2016-01-01 08:50:00+00:00,400.8166624783969
2016-01-01 08:51:00+00:00,408.11323830180754
2016-01-01 08:52:00+00:00,408.10660898772994
2016-01-01 08:53:00+00:00,408.1169773100347
2016-01-01 08:54:00+00:00,408.3928300495434
2016-01-01 08:55:00+00:00,415.52428778105383
2016-01-01 08:56:00+00:00,429.62283459804496
2016-01-01 08:57:00+00:00,400.9113769748575
2016-01-01 08:58:00+00:00,415.3810400180333
2016-01-01 08:59:00+00:00,526.5653970984476
2016-01-01 09:00:00+00:00,522.8653970984477
2016-01-01 09:01:00+00:00,515.8597060179746
2016-01-01 09:02:00+00:00,505.41131252326335
2016-01-01 09:03:00+00:00,441.83755586077467
2016-01-01 09:04:00+00:00,441.4398154222204
2016-01-01 09:05:00+00:00,452.38289949341043
2016-01-01 09:06:00+00:00,459.2748862305676
2016-01-01 09:07:00+00:00,481.18216993353593
2016-01-01 09:08:00+00:00,477.4960640044524
2016-01-01 09:09:00+00:00,484.8751473547222
2016-01-01 09:10:00+00:00,579.8110307736889
2016-01-01 09:11:00+00:00,677.6815539278228
2016-01-01 09:12:00+00:00,810.8055617640676
2016-01-01 09:13:00+00:00,825.3427860611499
2016-01-01 09:14:00+00:00,625.3549595851819
2016-01-01 09:15:00+00:00,638.3474365517429
2016-01-01 09:16:00+00:00,526.7165969488035
2016-01-01 09:17:00+00:00,599.0441114113523
2016-01-01 09:18:00+00:00,524.6606677061676
2016-01-01 09:19:00+00:00,564.8204568767269
2016-01-01 09:20:00+00:00,590.0162538495501
2016-01-01 09:21:00+00:00,561.2318422851146
2016-01-01 09:22:00+00:00,689.1001999091545
2016-01-01 09:23:00+00:00,692.8001999091546
2016-01-01 09:24:00+00:00,712.9416117606129
2016-01-01 09:25:00+00:00,720.1096639920859
2016-01-01 09:26:00+00:00,599.7557094624599
2016-01-01 09:27:00+00:00,562.0271158094633
2016-01-01 09:28:00+00:00,562.1109079767438
2016-01-01 09:29:00+00:00,547.5785770687586
2016-01-01 09:30:00+00:00,540.3701711313555
2016-01-01 09:31:00+00:00,645.6748320511624
2016-01-01 09:32:00+00:00,638.5881084057118
2016-01-01 09:33:00+00:00,714.2701566620719
2016-01-01 09:34:00+00:00,717.970156662072
2016-01-01 09:35:00+00:00,616.9924452309718
2016-01-01 09:36:00+00:00,642.2476538284454
2016-01-01 09:37:00+00:00,544.6112335722378
2016-01-01 09:38:00+00:00,558.9756391371876
2016-01-01 09:39:00+00:00,673.9940117636156
2016-01-01 09:40:00+00:00,584.1419305068209
2016-01-01 09:41:00+00:00,581.3898774562388
2016-01-01 09:42:00+00:00,592.4048286876758
2016-01-01 09:43:00+00:00,596.3321288373132
2016-01-01 09:44:00+00:00,603.2806320561524
2016-01-01 09:45:00+00:00,618.0499266102651
2016-01-01 09:46:00+00:00,596.1106612756953
2016-01-01 09:47:00+00:00,596.1106612756953
2016-01-01 09:48:00+00:00,577.979975140857
2016-01-01 09:49:00+00:00,585.1566323907097
2016-01-01 09:50:00+00:00,700.5184075469552
2016-01-01 09:51:00+00:00,685.8986686994884
2016-01-01 09:52:00+00:00,674.8316383130737
2016-01-01 09:53:00+00:00,685.8235730957018
2016-01-01 09:54:00+00:00,592.5913208774431
2016-01-01 09:55:00+00:00,592.5913208774431
2016-01-01 09:56:00+00:00,803.4806137724721
2016-01-01 09:57:00+00:00,803.6922406665559
2016-01-01 09:58:00+00:00,821.9353931437064
2016-01-01 09:59:00+00:00,818.4994836707762
2016-01-01 10:00:00+00:00,821.4208516703986
2016-01-01 10:01:00+00:00,836.2091470607941
2016-01-01 10:02:00+00:00,890.402192714197
2016-01-01 10:03:00+00:00,847.2754257165997
2016-01-01 10:04:00+00:00,843.8602818316384
2016-01-01 10:05:00+00:00,819.0504272480397
2016-01-01 10:06:00+00:00,704.8918893171011
2016-01-01 10:07:00+00:00,823.5207091913932
2016-01-01 10:08:00+00:00,821.2803949699183
2016-01-01 10:09:00+00:00,813.0586754217849
2016-01-01 10:10:00+00:00,922.8893928893816
2016-01-01 10:11:00+00:00,993.8631516730212
2016-01-01 10:12:00+00:00,993.8631516730212
2016-01-01 10:13:00+00:00,795.9789994199806
2016-01-01 10:14:00+00:00,770.5776792254745
2016-01-01 10:15:00+00:00,793.2878301217805
2016-01-01 10:16:00+00:00,793.3803992631255
2016-01-01 10:17:00+00:00,807.8563678779677
2016-01-01 10:18:00+00:00,818.6815804266695
2016-01-01 10:19:00+00:00,712.5387620235532
2016-01-01 10:20:00+00:00,756.1222701432314
2016-01-01 10:21:00+00:00,745.1820045636022
2016-01-01 10:22:00+00:00,643.2487915671262
2016-01-01 10:23:00+00:00,749.4321193377331
2016-01-01 10:24:00+00:00,792.440505689467
2016-01-01 10:25:00+00:00,724.5918497270915
2016-01-01 10:26:00+00:00,742.8216374692197
2016-01-01 10:27:00+00:00,596.9214942689132
2016-01-01 10:28:00+00:00,724.6545993409229
2016-01-01 10:29:00+00:00,710.0345644529098
2016-01-01 10:30:00+00:00,713.7439302918893
2016-01-01 10:31:00+00:00,720.4817222069292
2016-01-01 10:32:00+00:00,629.0436059556894
2016-01-01 10:33:00+00:00,632.601487927449
2016-01-01 10:34:00+00:00,624.8320986758603
2016-01-01 10:35:00+00:00,628.0955459253071
2016-01-01 10:36:00+00:00,634.543860574907
2016-01-01 10:37:00+00:00,645.3562185580693
2016-01-01 10:38:00+00:00,638.4472137588903
2016-01-01 10:39:00+00:00,638.4412972478859
2016-01-01 10:40:00+00:00,602.8118938313673
2016-01-01 10:41:00+00:00,584.6914962661787
2016-01-01 10:42:00+00:00,880.836568950415
2016-01-01 10:43:00+00:00,835.0275603553147
2016-01-01 10:44:00+00:00,940.3458322097537
2016-01-01 10:45:00+00:00,936.6289860365604
2016-01-01 10:46:00+00:00,722.9501697521922
2016-01-01 10:47:00+00:00,827.942961152985
2016-01-01 10:48:00+00:00,744.4807430970598
2016-01-01 10:49:00+00:00,653.4865406063922
2016-01-01 10:50:00+00:00,671.8998317739274
2016-01-01 10:51:00+00:00,664.7396137346632
2016-01-01 10:52:00+00:00,678.1153081309072
2016-01-01 10:53:00+00:00,780.4649983202811
2016-01-01 10:54:00+00:00,765.9269434866862
2016-01-01 10:55:00+00:00,744.4298754220713
2016-01-01 10:56:00+00:00,746.1778432081469
2016-01-01 10:57:00+00:00,753.5037067363362
2016-01-01 10:58:00+00:00,756.7557389823673
2016-01-01 10:59:00+00:00,746.2111238346316
2016-01-01 11:00:00+00:00,827.1421317301675
2016-01-01 11:01:00+00:00,835.8712677596204
2016-01-01 11:02:00+00:00,835.9234375121249
2016-01-01 11:03:00+00:00,815.4683272851796
2016-01-01 11:04:00+00:00,807.3793796958853
2016-01-01 11:05:00+00:00,719.6276243031523
2016-01-01 11:06:00+00:00,612.8235037148982
2016-01-01 11:07:00+00:00,616.561742223383
2016-01-01 11:08:00+00:00,597.1164803315785
2016-01-01 11:09:00+00:00,625.7300136973852
2016-01-01 11:10:00+00:00,637.5197936910007
2016-01-01 11:11:00+00:00,625.9372480499258
2016-01-01 11:12:00+00:00,625.9383842615691
2016-01-01 11:13:00+00:00,719.1829024185236
2016-01-01 11:14:00+00:00,726.3363455121396
2016-01-01 11:15:00+00:00,718.9039258098745
2016-01-01 11:16:00+00:00,644.526945683017
2016-01-01 11:17:00+00:00,752.2579586368105
2016-01-01 11:18:00+00:00,845.8225970769715
2016-01-01 11:19:00+00:00,985.2451613919126
2016-01-01 11:20:00+00:00,873.5193870419281
2016-01-01 11:21:00+00:00,748.5334671499136
2016-01-01 11:22:00+00:00,881.6605950306176
2016-01-01 11:23:00+00:00,865.670853269448
2016-01-01 11:24:00+00:00,786.4117781798883
2016-01-01 11:25:00+00:00,801.056303563703
2016-01-01 11:26:00+00:00,700.5040862407108
2016-01-01 11:27:00+00:00,696.9265274333976
2016-01-01 11:28:00+00:00,683.7972171269848
2016-01-01 11:29:00+00:00,763.0818622606627
2016-01-01 11:30:00+00:00,770.3582661807749
2016-01-01 11:31:00+00:00,699.2602139084532
2016-01-01 11:32:00+00:00,717.7357538593245
2016-01-01 11:33:00+00:00,880.9246398678728
2016-01-01 11:34:00+00:00,854.9891199425476
2016-01-01 11:35:00+00:00,1035.7818091852084
2016-01-01 11:36:00+00:00,917.5211438878588
2016-01-01 11:37:00+00:00,1033.995443636181
2016-01-01 11:38:00+00:00,880.7734427084895
2016-01-01 11:39:00+00:00,775.960474847439
2016-01-01 11:40:00+00:00,786.7773481413698
2016-01-01 11:41:00+00:00,779.2434574411803
2016-01-01 11:42:00+00:00,855.4037593724192
2016-01-01 11:43:00+00:00,774.7243056588618
2016-01-01 11:44:00+00:00,763.9704025376772
2016-01-01 11:45:00+00:00,690.0220252116009
2016-01-01 11:46:00+00:00,686.4338496609274
2016-01-01 11:47:00+00:00,686.3666013451594
2016-01-01 11:48:00+00:00,688.5696200740605
2016-01-01 11:49:00+00:00,692.1245540384538
2016-01-01 11:50:00+00:00,685.1860432412279
2016-01-01 11:51:00+00:00,675.7597425215534
2016-01-01 11:52:00+00:00,672.118769433594
2016-01-01 11:53:00+00:00,680.1418803890955
2016-01-01 11:54:00+00:00,672.7113472229901
2016-01-01 11:55:00+00:00,701.974161648277
2016-01-01 11:56:00+00:00,702.1372108483444
2016-01-01 11:57:00+00:00,709.4891350701344
2016-01-01 11:58:00+00:00,768.8423132631596
2016-01-01 11:59:00+00:00,717.0683807621155
2016-01-01 12:00:00+00:00,695.249403038285
2016-01-01 12:01:00+00:00,724.2437823596895
2016-01-01 12:02:00+00:00,758.6695747872976
2016-01-01 12:03:00+00:00,733.6514034341687
2016-01-01 12:04:00+00:00,733.6702574721082
2016-01-01 12:05:00+00:00,839.855007733146
2016-01-01 12:06:00+00:00,823.4827608996353
2016-01-01 12:07:00+00:00,801.7520862362923
2016-01-01 12:08:00+00:00,684.8770811661559
2016-01-01 12:09:00+00:00,688.4613349908435
2016-01-01 12:10:00+00:00,724.8642417147823
2016-01-01 12:11:00+00:00,739.5229253183936
2016-01-01 12:12:00+00:00,805.9205240730828
2016-01-01 12:13:00+00:00,891.6516980398445
2016-01-01 12:14:00+00:00,803.4039679552344
2016-01-01 12:15:00+00:00,770.7127355510764
2016-01-01 12:16:00+00:00,770.6171254823573
2016-01-01 12:17:00+00:00,893.8613435454577
2016-01-01 12:18:00+00:00,1019.7249966256521
2016-01-01 12:19:00+00:00,1049.8199169851007
2016-01-01 12:20:00+00:00,933.850247098474
2016-01-01 12:21:00+00:00,1061.1681626935056
2016-01-01 12:22:00+00:00,960.7074408550716
2016-01-01 12:23:00+00:00,875.6897867415777
2016-01-01 12:24:00+00:00,875.7039572005316
2016-01-01 12:25:00+00:00,860.1252784762066
2016-01-01 12:26:00+00:00,874.3541210212858
2016-01-01 12:27:00+00:00,848.9036145402694
2016-01-01 12:28:00+00:00,848.5417310276558
2016-01-01 12:29:00+00:00,738.2063770512475
2016-01-01 12:30:00+00:00,747.7090262147592
2016-01-01 12:31:00+00:00,864.4460565876986
2016-01-01 12:32:00+00:00,943.4140135091988
2016-01-01 12:33:00+00:00,1061.3365207639781
2016-01-01 12:34:00+00:00,1031.0729227720014
2016-01-01 12:35:00+00:00,928.2422831201783
2016-01-01 12:36:00+00:00,709.6448276923082
2016-01-01 12:37:00+00:00,716.8963289298265
2016-01-01 12:38:00+00:00,708.6928595565605
2016-01-01 12:39:00+00:00,690.5543228432244
2016-01-01 12:40:00+00:00,712.4226481897962
2016-01-01 12:41:00+00:00,725.6034574053815
2016-01-01 12:42:00+00:00,852.484049536033
2016-01-01 12:43:00+00:00,859.8663565219215
2016-01-01 12:44:00+00:00,838.267321174487
2016-01-01 12:45:00+00:00,924.1234794614647
2016-01-01 12:46:00+00:00,939.5687234707103
2016-01-01 12:47:00+00:00,817.2861048522589
2016-01-01 12:48:00+00:00,699.8211455684044
2016-01-01 12:49:00+00:00,703.2632398502425
2016-01-01 12:50:00+00:00,710.4439980265013
2016-01-01 12:51:00+00:00,740.215760251495
2016-01-01 12:52:00+00:00,914.2249203890195
2016-01-01 12:53:00+00:00,918.0989048231353
2016-01-01 12:54:00+00:00,809.7480749398051
2016-01-01 12:55:00+00:00,710.2675491704368
2016-01-01 12:56:00+00:00,717.9133106355744
2016-01-01 12:57:00+00:00,732.5134371406888
2016-01-01 12:58:00+00:00,828.1619600162051
2016-01-01 12:59:00+00:00,856.3389797104112
2016-01-01 13:00:00+00:00,856.3389797104112
2016-01-01 13:01:00+00:00,768.413546700122
2016-01-01 13:02:00+00:00,743.2803012928273
2016-01-01 13:03:00+00:00,743.2520538660474
2016-01-01 13:04:00+00:00,732.4245842110811
2016-01-01 13:05:00+00:00,754.5340077931254
2016-01-01 13:06:00+00:00,872.7802072482325
2016-01-01 13:07:00+00:00,847.3336841065865
2016-01-01 13:08:00+00:00,847.3293005118085
2016-01-01 13:09:00+00:00,832.4794460723274
2016-01-01 13:10:00+00:00,806.8376435946294
2016-01-01 13:11:00+00:00,706.2692901309919
2016-01-01 13:12:00+00:00,702.5837507504314
2016-01-01 13:13:00+00:00,745.8130032160731
2016-01-01 13:14:00+00:00,727.2021445670156
2016-01-01 13:15:00+00:00,816.9331055616478
2016-01-01 13:16:00+00:00,965.1623169583023
2016-01-01 13:17:00+00:00,989.0646614990911
2016-01-01 13:18:00+00:00,992.9850848344967
2016-01-01 13:19:00+00:00,863.2184594210086
2016-01-01 13:20:00+00:00,966.9539324237016
2016-01-01 13:21:00+00:00,1097.1979862479568
2016-01-01 13:22:00+00:00,978.7522332451849
2016-01-01 13:23:00+00:00,975.0603237128281
2016-01-01 13:24:00+00:00,989.4589240479468
2016-01-01 13:25:00+00:00,896.7466438092863
2016-01-01 13:26:00+00:00,773.9619493162389
2016-01-01 13:27:00+00:00,784.4016769901514
2016-01-01 13:28:00+00:00,792.299512560506
2016-01-01 13:29:00+00:00,998.3110450753101
2016-01-01 13:30:00+00:00,1078.0615609846477
2016-01-01 13:31:00+00:00,971.99958511846
2016-01-01 13:32:00+00:00,873.9621466825254
2016-01-01 13:33:00+00:00,935.3712687492892
2016-01-01 13:34:00+00:00,862.8085410988276
2016-01-01 13:35:00+00:00,858.117481768173
2016-01-01 13:36:00+00:00,795.2464353797918
2016-01-01 13:37:00+00:00,766.9391490269202
2016-01-01 13:38:00+00:00,777.9347694078983
2016-01-01 13:39:00+00:00,885.7116812061971
2016-01-01 13:40:00+00:00,999.9637133956955
2016-01-01 13:41:00+00:00,1007.4037606799062
2016-01-01 13:42:00+00:00,1022.0648146018707
2016-01-01 13:43:00+00:00,882.5809275001398
2016-01-01 13:44:00+00:00,896.3722681108316
2016-01-01 13:45:00+00:00,882.0480133711919
2016-01-01 13:46:00+00:00,761.789264785367
2016-01-01 13:47:00+00:00,852.5738962846035
2016-01-01 13:48:00+00:00,845.1942920088887
2016-01-01 13:49:00+00:00,848.5852035395749
2016-01-01 13:50:00+00:00,751.5964304165504
2016-01-01 13:51:00+00:00,755.2958582469576
2016-01-01 13:52:00+00:00,747.9259568396924
2016-01-01 13:53:00+00:00,758.7530268943408
2016-01-01 13:54:00+00:00,776.8937742690148
2016-01-01 13:55:00+00:00,787.7103686212627
2016-01-01 13:56:00+00:00,794.0657409316057
2016-01-01 13:57:00+00:00,793.1045739415629
2016-01-01 13:58:00+00:00,800.4969035551785
2016-01-01 13:59:00+00:00,796.9076669452381
2016-01-01 14:00:00+00:00,785.9086915447307
2016-01-01 14:01:00+00:00,772.2313586352938
2016-01-01 14:02:00+00:00,772.1148169936245
2016-01-01 14:03:00+00:00,775.7724216037833
2016-01-01 14:04:00+00:00,757.738169423222
2016-01-01 14:05:00+00:00,747.6121783791627
2016-01-01 14:06:00+00:00,736.5828873229568
2016-01-01 14:07:00+00:00,740.2890766542532
2016-01-01 14:08:00+00:00,740.3032921197931
2016-01-01 14:09:00+00:00,732.8766651232755
2016-01-01 14:10:00+00:00,732.8894901124328
2016-01-01 14:11:00+00:00,807.011229154595
2016-01-01 14:12:00+00:00,841.6077150403949
2016-01-01 14:13:00+00:00,935.1149917739806
2016-01-01 14:14:00+00:00,935.0599184906741
2016-01-01 14:15:00+00:00,1054.2674237054202
2016-01-01 14:16:00+00:00,961.5670470165298
2016-01-01 14:17:00+00:00,963.5766250358672
2016-01-01 14:18:00+00:00,1033.5722196946404
2016-01-01 14:19:00+00:00,1071.534972817586
2016-01-01 14:20:00+00:00,1068.3887215495565
2016-01-01 14:21:00+00:00,1093.327001440155
2016-01-01 14:22:00+00:00,987.5002660655341
2016-01-01 14:23:00+00:00,976.9778406081682
2016-01-01 14:24:00+00:00,968.3127925954277
2016-01-01 14:25:00+00:00,837.1844463660696
2016-01-01 14:26:00+00:00,802.5465047927617
2016-01-01 14:27:00+00:00,900.8483910108121
2016-01-01 14:28:00+00:00,940.9921294091457
2016-01-01 14:29:00+00:00,930.1024833348881
2016-01-01 14:30:00+00:00,918.9953872846625
2016-01-01 14:31:00+00:00,804.7109532511083
2016-01-01 14:32:00+00:00,921.4073583020768
2016-01-01 14:33:00+00:00,917.5664153621126
2016-01-01 14:34:00+00:00,921.0004804659677
2016-01-01 14:35:00+00:00,917.4355939664135
2016-01-01 14:36:00+00:00,895.64187376429
2016-01-01 14:37:00+00:00,775.4961733734099
2016-01-01 14:38:00+00:00,662.6178980925524
2016-01-01 14:39:00+00:00,659.1437528289396
2016-01-01 14:40:00+00:00,644.859033130658
2016-01-01 14:41:00+00:00,634.0393526120495
2016-01-01 14:42:00+00:00,722.5420527094336
2016-01-01 14:43:00+00:00,729.7439264063873
2016-01-01 14:44:00+00:00,740.5923540663221
2016-01-01 14:45:00+00:00,751.7302984359656
2016-01-01 14:46:00+00:00,644.9156407304656
2016-01-01 14:47:00+00:00,615.8551735634985
2016-01-01 14:48:00+00:00,612.1223499619343
2016-01-01 14:49:00+00:00,609.4909498843967
2016-01-01 14:50:00+00:00,590.1895064631185
2016-01-01 14:51:00+00:00,604.4410843231944
2016-01-01 14:52:00+00:00,611.8036195249347
2016-01-01 14:53:00+00:00,619.0589328578972
2016-01-01 14:54:00+00:00,622.7364838275346
2016-01-01 14:55:00+00:00,611.8503242948191
2016-01-01 14:56:00+00:00,686.4524300571657
2016-01-01 14:57:00+00:00,781.1729754286685
2016-01-01 14:58:00+00:00,788.612527367974
2016-01-01 14:59:00+00:00,802.1558276737267
2016-01-01 15:00:00+00:00,728.858027108055
2016-01-01 15:01:00+00:00,718.4051984819093
2016-01-01 15:02:00+00:00,770.2138668159719
2016-01-01 15:03:00+00:00,777.1607882503204
2016-01-01 15:04:00+00:00,790.8842862637036
2016-01-01 15:05:00+00:00,821.4937984501685
2016-01-01 15:06:00+00:00,825.3171419033552
2016-01-01 15:07:00+00:00,615.365543419236
2016-01-01 15:08:00+00:00,615.3501827568837
2016-01-01 15:09:00+00:00,636.8730486957586
2016-01-01 15:10:00+00:00,651.1897032421589
2016-01-01 15:11:00+00:00,683.7111149178356
2016-01-01 15:12:00+00:00,739.1603937830957
2016-01-01 15:13:00+00:00,674.0460437121571
2016-01-01 15:14:00+00:00,743.6958284819573
2016-01-01 15:15:00+00:00,685.5068243181029
2016-01-01 15:16:00+00:00,660.3869129882505
2016-01-01 15:17:00+00:00,664.0505425879142
2016-01-01 15:18:00+00:00,667.7313304336324
2016-01-01 15:19:00+00:00,682.3631481258997
2016-01-01 15:20:00+00:00,685.0589768621847
2016-01-01 15:21:00+00:00,692.0866646732287
2016-01-01 15:22:00+00:00,820.1011202827978
2016-01-01 15:23:00+00:00,950.2433076614731
2016-01-01 15:24:00+00:00,1065.9654552122824
2016-01-01 15:25:00+00:00,948.766110544739
2016-01-01 15:26:00+00:00,952.0019266592311
2016-01-01 15:27:00+00:00,1063.6244116714129
2016-01-01 15:28:00+00:00,976.4454040567078
2016-01-01 15:29:00+00:00,1096.1064290846807
2016-01-01 15:30:00+00:00,1064.1989425980169
2016-01-01 15:31:00+00:00,840.4646608867705
2016-01-01 15:32:00+00:00,713.2973883631222
2016-01-01 15:33:00+00:00,735.0938623136404
2016-01-01 15:34:00+00:00,724.6646298159977
2016-01-01 15:35:00+00:00,731.8183089131679
2016-01-01 15:36:00+00:00,728.1372600943074
2016-01-01 15:37:00+00:00,724.2326187382492
2016-01-01 15:38:00+00:00,716.9326520715598
2016-01-01 15:39:00+00:00,850.0554421484015
2016-01-01 15:40:00+00:00,854.402892694159
2016-01-01 15:41:00+00:00,861.5894729281969
2016-01-01 15:42:00+00:00,854.4527515744052
2016-01-01 15:43:00+00:00,1058.3747104317526
2016-01-01 15:44:00+00:00,1083.6646059285904
2016-01-01 15:45:00+00:00,1080.0304758907291
2016-01-01 15:46:00+00:00,1094.2037480811073
2016-01-01 15:47:00+00:00,857.7747893914888
2016-01-01 15:48:00+00:00,874.2263001831042
2016-01-01 15:49:00+00:00,874.2129402862955
2016-01-01 15:50:00+00:00,1091.2514830702626
2016-01-01 15:51:00+00:00,1095.1952648308784
2016-01-01 15:52:00+00:00,1063.5511067181128
2016-01-01 15:53:00+00:00,1013.350496976224
2016-01-01 15:54:00+00:00,876.2570148372341
2016-01-01 15:55:00+00:00,781.9543788201808
2016-01-01 15:56:00+00:00,778.018294887546
2016-01-01 15:57:00+00:00,752.8242028635729
2016-01-01 15:58:00+00:00,752.8830144424163
2016-01-01 15:59:00+00:00,753.8346668590908
2016-01-01 16:00:00+00:00,858.6903542613906
2016-01-01 16:01:00+00:00,871.7193959132734
2016-01-01 16:02:00+00:00,1000.2949490175723
2016-01-01 16:03:00+00:00,900.0224288056842
2016-01-01 16:04:00+00:00,797.2297366944427
2016-01-01 16:05:00+00:00,826.1803970332486
2016-01-01 16:06:00+00:00,837.1314429052095
2016-01-01 16:07:00+00:00,943.9714211732773
2016-01-01 16:08:00+00:00,1062.3468203350626
2016-01-01 16:09:00+00:00,1062.3494738475579
2016-01-01 16:10:00+00:00,1058.8601393454558
2016-01-01 16:11:00+00:00,1062.3303941837485
2016-01-01 16:12:00+00:00,1080.3317131393953
2016-01-01 16:13:00+00:00,1104.6787211354545
2016-01-01 16:14:00+00:00,1001.6947053645933
2016-01-01 16:15:00+00:00,990.8062350526042
2016-01-01 16:16:00+00:00,1114.3686083298555
2016-01-01 16:17:00+00:00,1227.5123014742535
2016-01-01 16:18:00+00:00,1206.1492653782507
2016-01-01 16:19:00+00:00,1187.8759926275877
2016-01-01 16:20:00+00:00,1088.4285514668113
2016-01-01 16:21:00+00:00,982.983037819654
2016-01-01 16:22:00+00:00,979.380165943729
2016-01-01 16:23:00+00:00,979.4557051445546
2016-01-01 16:24:00+00:00,1044.830948432347
2016-01-01 16:25:00+00:00,948.9418285248323
2016-01-01 16:26:00+00:00,951.5712803536358
2016-01-01 16:27:00+00:00,969.773068775822
2016-01-01 16:28:00+00:00,962.6240508005789
2016-01-01 16:29:00+00:00,942.7758756142329
2016-01-01 16:30:00+00:00,967.7902817930553
2016-01-01 16:31:00+00:00,956.7415428201172
2016-01-01 16:32:00+00:00,890.6640274256606
2016-01-01 16:33:00+00:00,915.3341089158557
2016-01-01 16:34:00+00:00,911.3175568009999
2016-01-01 16:35:00+00:00,990.3323323558919
2016-01-01 16:36:00+00:00,975.4773897345603
2016-01-01 16:37:00+00:00,1107.274250456652
2016-01-01 16:38:00+00:00,967.7065271494297
2016-01-01 16:39:00+00:00,849.6057545981133
2016-01-01 16:40:00+00:00,831.3037434270398
2016-01-01 16:41:00+00:00,816.5547655631967
2016-01-01 16:42:00+00:00,946.2364271485395
2016-01-01 16:43:00+00:00,953.5702690527521
2016-01-01 16:44:00+00:00,939.3850158064708
2016-01-01 16:45:00+00:00,954.4327040015654
2016-01-01 16:46:00+00:00,954.5420588564692
2016-01-01 16:47:00+00:00,965.5208119182109
2016-01-01 16:48:00+00:00,947.7030789536675
2016-01-01 16:49:00+00:00,832.8825867359959
2016-01-01 16:50:00+00:00,844.4976656374922
2016-01-01 16:51:00+00:00,837.1854580861627
2016-01-01 16:52:00+00:00,829.9942188193007
2016-01-01 16:53:00+00:00,822.7900406808668
2016-01-01 16:54:00+00:00,840.8785567262603
2016-01-01 16:55:00+00:00,808.6091407301423
2016-01-01 16:56:00+00:00,915.8074409446156
2016-01-01 16:57:00+00:00,933.9943587842693
2016-01-01 16:58:00+00:00,912.2510645634345
2016-01-01 16:59:00+00:00,901.5772652732144
2016-01-01 17:00:00+00:00,894.0521463483232
2016-01-01 17:01:00+00:00,897.7038328241266
2016-01-01 17:02:00+00:00,904.9043976775471
2016-01-01 17:03:00+00:00,797.6215454606321
2016-01-01 17:04:00+00:00,768.5408564509734
2016-01-01 17:05:00+00:00,879.9596764699089
2016-01-01 17:06:00+00:00,933.506222376617
2016-01-01 17:07:00+00:00,929.8791840357788
2016-01-01 17:08:00+00:00,885.7630152132725
2016-01-01 17:09:00+00:00,900.3519843950518
2016-01-01 17:10:00+00:00,985.1532566389347
2016-01-01 17:11:00+00:00,1002.9280857806214
2016-01-01 17:12:00+00:00,1017.3517949403633
2016-01-01 17:13:00+00:00,914.5714986314775
2016-01-01 17:14:00+00:00,918.2522610476328
2016-01-01 17:15:00+00:00,938.30251398777
2016-01-01 17:16:00+00:00,827.9503619130551
2016-01-01 17:17:00+00:00,812.0519324736445
2016-01-01 17:18:00+00:00,808.6771132378929
2016-01-01 17:19:00+00:00,822.8630901930121
2016-01-01 17:20:00+00:00,836.9778980944392
2016-01-01 17:21:00+00:00,829.882264548235
2016-01-01 17:22:00+00:00,826.1822645482351
2016-01-01 17:23:00+00:00,840.7486314968913
2016-01-01 17:24:00+00:00,830.3454636664522
2016-01-01 17:25:00+00:00,823.1131388470534
2016-01-01 17:26:00+00:00,830.176966845671
2016-01-01 17:27:00+00:00,830.1914184001695
2016-01-01 17:28:00+00:00,936.1949149405965
2016-01-01 17:29:00+00:00,965.4617545883117
2016-01-01 17:30:00+00:00,983.1869515732698
2016-01-01 17:31:00+00:00,961.9173464768918
2016-01-01 17:32:00+00:00,886.6228501065797
2016-01-01 17:33:00+00:00,981.1864212274955
2016-01-01 17:34:00+00:00,1087.793770791336
2016-01-01 17:35:00+00:00,1073.382843471585
2016-01-01 17:36:00+00:00,1077.0742153054678
2016-01-01 17:37:00+00:00,1088.5244632452325
2016-01-01 17:38:00+00:00,952.8465874951006
2016-01-01 17:39:00+00:00,938.2096845871127
2016-01-01 17:40:00+00:00,937.3693301349368
2016-01-01 17:41:00+00:00,852.2284034566693
2016-01-01 17:42:00+00:00,848.6212235453817
2016-01-01 17:43:00+00:00,830.3565743936907
2016-01-01 17:44:00+00:00,930.9974512402827
2016-01-01 17:45:00+00:00,938.3379937981539
2016-01-01 17:46:00+00:00,1057.8022291848415
2016-01-01 17:47:00+00:00,1029.4305653649226
2016-01-01 17:48:00+00:00,1029.4305653649226
2016-01-01 17:49:00+00:00,925.1272659683717
2016-01-01 17:50:00+00:00,831.096496221377
2016-01-01 17:51:00+00:00,845.5508452942629
2016-01-01 17:52:00+00:00,837.3869401731131
2016-01-01 17:53:00+00:00,833.6876353856799
2016-01-01 17:54:00+00:00,929.3587740436735
2016-01-01 17:55:00+00:00,1049.207976085109
2016-01-01 17:56:00+00:00,1041.9475784769102
2016-01-01 17:57:00+00:00,1049.1787732650614
2016-01-01 17:58:00+00:00,929.5930556521415
2016-01-01 17:59:00+00:00,1033.9892631098219
2016-01-01 18:00:00+00:00,1027.631052013377
2016-01-01 18:01:00+00:00,1011.1995001830994
2016-01-01 18:02:00+00:00,1007.5217112648397
2016-01-01 18:03:00+00:00,914.0460667083757
2016-01-01 18:04:00+00:00,935.6338923052101
2016-01-01 18:05:00+00:00,797.9770525816034
2016-01-01 18:06:00+00:00,772.7238759428892
2016-01-01 18:07:00+00:00,770.8876586535944
2016-01-01 18:08:00+00:00,752.7790704444542
2016-01-01 18:09:00+00:00,752.7619138794448
2016-01-01 18:10:00+00:00,755.8960380677217
2016-01-01 18:11:00+00:00,722.91631124433
2016-01-01 18:12:00+00:00,681.6816300923981
2016-01-01 18:13:00+00:00,688.9179026186835
2016-01-01 18:14:00+00:00,688.9239938782341
2016-01-01 18:15:00+00:00,674.3543049064313
2016-01-01 18:16:00+00:00,702.6148833432023
2016-01-01 18:17:00+00:00,716.5747273487548
2016-01-01 18:18:00+00:00,731.1117514139901
2016-01-01 18:19:00+00:00,845.5783328069097
2016-01-01 18:20:00+00:00,838.8986467662205
2016-01-01 18:21:00+00:00,831.7227979110012
2016-01-01 18:22:00+00:00,831.6314133677274
2016-01-01 18:23:00+00:00,728.0476950135995
2016-01-01 18:24:00+00:00,728.0634509307428
2016-01-01 18:25:00+00:00,736.6727674612199
2016-01-01 18:26:00+00:00,711.5753784172938
2016-01-01 18:27:00+00:00,713.194096673015
2016-01-01 18:28:00+00:00,774.060921407924
2016-01-01 18:29:00+00:00,766.8022557138833
2016-01-01 18:30:00+00:00,695.152325752396
2016-01-01 18:31:00+00:00,676.9177656410671
2016-01-01 18:32:00+00:00,647.4943643416918
2016-01-01 18:33:00+00:00,650.3434228511294
2016-01-01 18:34:00+00:00,642.6419167043093
2016-01-01 18:35:00+00:00,635.2502351812091
2016-01-01 18:36:00+00:00,664.3963296264783
2016-01-01 18:37:00+00:00,682.1371106593904
2016-01-01 18:38:00+00:00,678.4888611977362
2016-01-01 18:39:00+00:00,657.4151611032989
2016-01-01 18:40:00+00:00,617.6230714555996
2016-01-01 18:41:00+00:00,642.9981992615668
2016-01-01 18:42:00+00:00,691.5676384475563
2016-01-01 18:43:00+00:00,647.0541559209211
2016-01-01 18:44:00+00:00,632.9433559907951
2016-01-01 18:45:00+00:00,633.8264752056294
2016-01-01 18:46:00+00:00,640.6374253445018
2016-01-01 18:47:00+00:00,644.190711279468
2016-01-01 18:48:00+00:00,651.4383837899394
2016-01-01 18:49:00+00:00,622.1959503904021
2016-01-01 18:50:00+00:00,614.8921089829922
2016-01-01 18:51:00+00:00,618.5921089829923
2016-01-01 18:52:00+00:00,717.0701386292387
2016-01-01 18:53:00+00:00,798.9971769280448
2016-01-01 18:54:00+00:00,731.8358188479297
2016-01-01 18:55:00+00:00,720.3439941690386
2016-01-01 18:56:00+00:00,607.2492396892262
2016-01-01 18:57:00+00:00,593.4030166161593
2016-01-01 18:58:00+00:00,606.3207198075343
2016-01-01 18:59:00+00:00,620.8756556121386
2016-01-01 19:00:00+00:00,622.4289620308695
2016-01-01 19:01:00+00:00,627.3278930968509
2016-01-01 19:02:00+00:00,627.3438874548367
2016-01-01 19:03:00+00:00,630.3699802650217
2016-01-01 19:04:00+00:00,632.3811681216763
2016-01-01 19:05:00+00:00,610.9450438921106
2016-01-01 19:06:00+00:00,603.5352957246757
2016-01-01 19:07:00+00:00,600.2806463690316
2016-01-01 19:08:00+00:00,588.7144191612107
2016-01-01 19:09:00+00:00,596.0698886944591
2016-01-01 19:10:00+00:00,699.063173698279
2016-01-01 19:11:00+00:00,684.5768471060408
2016-01-01 19:12:00+00:00,659.2232563952476
2016-01-01 19:13:00+00:00,683.5371641760562
2016-01-01 19:14:00+00:00,672.4527120403944
2016-01-01 19:15:00+00:00,554.8978728736611
2016-01-01 19:16:00+00:00,561.8281688414605
2016-01-01 19:17:00+00:00,568.3277372046142
2016-01-01 19:18:00+00:00,653.8491492111981
2016-01-01 19:19:00+00:00,650.1134577073876
2016-01-01 19:20:00+00:00,646.4404116753436
2016-01-01 19:21:00+00:00,554.4072205672753
2016-01-01 19:22:00+00:00,522.4467176434641
2016-01-01 19:23:00+00:00,508.04957658382017
2016-01-01 19:24:00+00:00,493.4745442591124
2016-01-01 19:25:00+00:00,468.2891106893309
2016-01-01 19:26:00+00:00,468.95491248621113
2016-01-01 19:27:00+00:00,470.159214695931
2016-01-01 19:28:00+00:00,473.842172879757
2016-01-01 19:29:00+00:00,577.8646578116162
2016-01-01 19:30:00+00:00,577.6160897413473
2016-01-01 19:31:00+00:00,563.763222541694
2016-01-01 19:32:00+00:00,481.59306054990776
2016-01-01 19:33:00+00:00,464.9951998542064
2016-01-01 19:34:00+00:00,462.058972429476
2016-01-01 19:35:00+00:00,468.5814216138608
2016-01-01 19:36:00+00:00,450.18727973332483
2016-01-01 19:37:00+00:00,439.1378280415985
2016-01-01 19:38:00+00:00,442.86627892127933
2016-01-01 19:39:00+00:00,446.5513147900903
2016-01-01 19:40:00+00:00,425.2217980805656
2016-01-01 19:41:00+00:00,414.9714039919644
2016-01-01 19:42:00+00:00,417.91239047419646
2016-01-01 19:43:00+00:00,425.2875382462583
2016-01-01 19:44:00+00:00,414.3909260400677
2016-01-01 19:45:00+00:00,410.710505467621
2016-01-01 19:46:00+00:00,410.710505467621
2016-01-01 19:47:00+00:00,410.710505467621
2016-01-01 19:48:00+00:00,399.62040315792603
2016-01-01 19:49:00+00:00,417.7788942733029
2016-01-01 19:50:00+00:00,522.2154144805643
2016-01-01 19:51:00+00:00,525.8740240407869
2016-01-01 19:52:00+00:00,525.8740240407869
2016-01-01 19:53:00+00:00,515.2036741376356
2016-01-01 19:54:00+00:00,414.3682843581598
2016-01-01 19:55:00+00:00,410.45090861404225
2016-01-01 19:56:00+00:00,424.1379387284477
2016-01-01 19:57:00+00:00,427.7434641887928
2016-01-01 19:58:00+00:00,500.16169177443265
2016-01-01 19:59:00+00:00,588.9161862520286
2016-01-01 20:00:00+00:00,810.843990580499
2016-01-01 20:01:00+00:00,723.5126218733518
2016-01-01 20:02:00+00:00,610.000829460788
2016-01-01 20:03:00+00:00,609.7215622973733
2016-01-01 20:04:00+00:00,507.3849517357064
2016-01-01 20:05:00+00:00,391.76079930481774
2016-01-01 20:06:00+00:00,391.7767233399212
2016-01-01 20:07:00+00:00,388.2871488827152
2016-01-01 20:08:00+00:00,377.3438555940786
2016-01-01 20:09:00+00:00,373.7365012938026
2016-01-01 20:10:00+00:00,571.3603445361103
2016-01-01 20:11:00+00:00,583.8671702124938
2016-01-01 20:12:00+00:00,576.5989286515558
2016-01-01 20:13:00+00:00,580.2108658897818
2016-01-01 20:14:00+00:00,471.82478674323613
2016-01-01 20:15:00+00:00,475.45821585815236
2016-01-01 20:16:00+00:00,377.14030234468805
2016-01-01 20:17:00+00:00,484.70938322305324
2016-01-01 20:18:00+00:00,484.70938322305324
2016-01-01 20:19:00+00:00,387.7404237089013
2016-01-01 20:20:00+00:00,398.6728744296132
2016-01-01 20:21:00+00:00,402.36401230729246
2016-01-01 20:22:00+00:00,398.7167618104453
2016-01-01 20:23:00+00:00,416.92864591267244
2016-01-01 20:24:00+00:00,409.61380298315623
2016-01-01 20:25:00+00:00,510.7996393742294
2016-01-01 20:26:00+00:00,517.919108345536
2016-01-01 20:27:00+00:00,517.882371990204
2016-01-01 20:28:00+00:00,517.6924064170598
2016-01-01 20:29:00+00:00,412.8626940395942
2016-01-01 20:30:00+00:00,426.54344588071524
2016-01-01 20:31:00+00:00,430.24344588071517
2016-01-01 20:32:00+00:00,404.2591755356307
2016-01-01 20:33:00+00:00,428.90656807015
2016-01-01 20:34:00+00:00,421.5322275715463
2016-01-01 20:35:00+00:00,432.2929407357416
2016-01-01 20:36:00+00:00,417.60427209589164
2016-01-01 20:37:00+00:00,406.73088062252003
2016-01-01 20:38:00+00:00,482.4120691108039
2016-01-01 20:39:00+00:00,396.8168597613223
2016-01-01 20:40:00+00:00,404.0414604804201
2016-01-01 20:41:00+00:00,396.74584684537297
2016-01-01 20:42:00+00:00,393.08088768409374
2016-01-01 20:43:00+00:00,368.12029605626134
2016-01-01 20:44:00+00:00,382.70128260147754
2016-01-01 20:45:00+00:00,368.62851508896034
2016-01-01 20:46:00+00:00,357.733820459167
2016-01-01 20:47:00+00:00,384.5932681852188
2016-01-01 20:48:00+00:00,377.98928639408246
2016-01-01 20:49:00+00:00,404.5120090849238
2016-01-01 20:50:00+00:00,418.7787179687163
2016-01-01 20:51:00+00:00,526.542366730665
2016-01-01 20:52:00+00:00,533.7927177999991
2016-01-01 20:53:00+00:00,437.23452128493074
2016-01-01 20:54:00+00:00,420.58252114120324
2016-01-01 20:55:00+00:00,416.94483680340215
2016-01-01 20:56:00+00:00,445.5966906863161
2016-01-01 20:57:00+00:00,435.950550779571
2016-01-01 20:58:00+00:00,457.71473785819813
2016-01-01 20:59:00+00:00,464.72852120621326
2016-01-01 21:00:00+00:00,455.18823423712774
2016-01-01 21:01:00+00:00,457.2599041580938
2016-01-01 21:02:00+00:00,453.7199977726165
2016-01-01 21:03:00+00:00,528.8165107358179
2016-01-01 21:04:00+00:00,620.7034687303423
2016-01-01 21:05:00+00:00,436.6094150513219
2016-01-01 21:06:00+00:00,461.5486883901624
2016-01-01 21:07:00+00:00,624.4513619227456
2016-01-01 21:08:00+00:00,524.8186500989933
2016-01-01 21:09:00+00:00,524.8186500989933
2016-01-01 21:10:00+00:00,542.857939028471
2016-01-01 21:11:00+00:00,552.5498687766064
2016-01-01 21:12:00+00:00,548.8867124605905
2016-01-01 21:13:00+00:00,532.4029923203557
2016-01-01 21:14:00+00:00,497.1250893261867
2016-01-01 21:15:00+00:00,472.5677050770952
2016-01-01 21:16:00+00:00,448.3928317033817
2016-01-01 21:17:00+00:00,474.4300063291978
2016-01-01 21:18:00+00:00,471.4665555051615
2016-01-01 21:19:00+00:00,450.6934632935132
2016-01-01 21:20:00+00:00,461.02252777355204
2016-01-01 21:21:00+00:00,439.56303011254255
2016-01-01 21:22:00+00:00,540.1755427401768
2016-01-01 21:23:00+00:00,460.39248975348977
2016-01-01 21:24:00+00:00,453.1772122072922
2016-01-01 21:25:00+00:00,529.3319646885851
2016-01-01 21:26:00+00:00,454.9076008972372
2016-01-01 21:27:00+00:00,477.4940278669313
2016-01-01 21:28:00+00:00,481.3947339467706
2016-01-01 21:29:00+00:00,491.8128383924871
2016-01-01 21:30:00+00:00,459.438232672952
2016-01-01 21:31:00+00:00,464.1865261883797
2016-01-01 21:32:00+00:00,436.22691599037097
2016-01-01 21:33:00+00:00,426.77323107961683
2016-01-01 21:34:00+00:00,405.44130052143277
2016-01-01 21:35:00+00:00,415.85336221572527
2016-01-01 21:36:00+00:00,409.0150454468175
2016-01-01 21:37:00+00:00,571.6335998714453
2016-01-01 21:38:00+00:00,533.8957613256025
2016-01-01 21:39:00+00:00,546.6799272164045
2016-01-01 21:40:00+00:00,439.87728874733125
2016-01-01 21:41:00+00:00,432.7924640286845
2016-01-01 21:42:00+00:00,448.16687774756383
2016-01-01 21:43:00+00:00,461.50450071699703
2016-01-01 21:44:00+00:00,454.3020803235922
2016-01-01 21:45:00+00:00,440.52298435746184
2016-01-01 21:46:00+00:00,457.4597605692014
2016-01-01 21:47:00+00:00,436.5356671265528
2016-01-01 21:48:00+00:00,429.08992963298755
2016-01-01 21:49:00+00:00,443.5414941029995
2016-01-01 21:50:00+00:00,432.58914407692305
2016-01-01 21:51:00+00:00,429.80401025571695
2016-01-01 21:52:00+00:00,494.2203583636489
2016-01-01 21:53:00+00:00,440.45199410811193
2016-01-01 21:54:00+00:00,425.75306339918035
2016-01-01 21:55:00+00:00,455.6543066022536
2016-01-01 21:56:00+00:00,448.1025872092201
2016-01-01 21:57:00+00:00,462.1909747697086
2016-01-01 21:58:00+00:00,507.7358886457136
2016-01-01 21:59:00+00:00,423.1828217987811
2016-01-01 22:00:00+00:00,426.7665682182438
2016-01-01 22:01:00+00:00,412.3055566656094
2016-01-01 22:02:00+00:00,440.69643841250297
2016-01-01 22:03:00+00:00,512.9630813867233
2016-01-01 22:04:00+00:00,418.9622799007115
2016-01-01 22:05:00+00:00,414.4555273179082
2016-01-01 22:06:00+00:00,483.6927413848631
2016-01-01 22:07:00+00:00,455.28811045271243
2016-01-01 22:08:00+00:00,392.4382277810405
2016-01-01 22:09:00+00:00,402.3244116609201
2016-01-01 22:10:00+00:00,406.1813066884668
2016-01-01 22:11:00+00:00,392.29195071398533
2016-01-01 22:12:00+00:00,381.29886816400943
2016-01-01 22:13:00+00:00,387.8509889955164
2016-01-01 22:14:00+00:00,398.9758561979947
2016-01-01 22:15:00+00:00,392.1512251451509
2016-01-01 22:16:00+00:00,384.92395852621775
2016-01-01 22:17:00+00:00,374.766886509355
2016-01-01 22:18:00+00:00,411.6866349336665
2016-01-01 22:19:00+00:00,457.73304761209846
2016-01-01 22:20:00+00:00,338.98143557812
2016-01-01 22:21:00+00:00,326.21816421468
2016-01-01 22:22:00+00:00,344.78831946412333
2016-01-01 22:23:00+00:00,345.25176561335525
2016-01-01 22:24:00+00:00,327.03780220187343
2016-01-01 22:25:00+00:00,392.2659523564996
2016-01-01 22:26:00+00:00,329.5044640641026
2016-01-01 22:27:00+00:00,318.515842801824
2016-01-01 22:28:00+00:00,336.1940138343245
2016-01-01 22:29:00+00:00,312.4305263383563
2016-01-01 22:30:00+00:00,356.9260449713729
2016-01-01 22:31:00+00:00,352.4012235495971
2016-01-01 22:32:00+00:00,313.36061415652586
2016-01-01 22:33:00+00:00,321.9886574059044
2016-01-01 22:34:00+00:00,435.3806109490972
2016-01-01 22:35:00+00:00,447.0519922368665
2016-01-01 22:36:00+00:00,434.70748961664884
2016-01-01 22:37:00+00:00,386.0628568170117
2016-01-01 22:38:00+00:00,325.33704277704453
2016-01-01 22:39:00+00:00,339.70434073917727
2016-01-01 22:40:00+00:00,332.6141113625106
2016-01-01 22:41:00+00:00,311.1549720778105
2016-01-01 22:42:00+00:00,304.75801297128123
2016-01-01 22:43:00+00:00,329.7234944386931
2016-01-01 22:44:00+00:00,369.6378942640876
2016-01-01 22:45:00+00:00,323.3613475111656
2016-01-01 22:46:00+00:00,340.7669191914128
2016-01-01 22:47:00+00:00,512.0528991123746
2016-01-01 22:48:00+00:00,318.09740209326594
2016-01-01 22:49:00+00:00,325.2749278063745
2016-01-01 22:50:00+00:00,325.3379622625931
2016-01-01 22:51:00+00:00,283.2281938468209
2016-01-01 22:52:00+00:00,288.9136729996023
2016-01-01 22:53:00+00:00,285.222535121923
2016-01-01 22:54:00+00:00,296.3894085564592
2016-01-01 22:55:00+00:00,313.9073314624514
2016-01-01 22:56:00+00:00,300.7237400827116
2016-01-01 22:57:00+00:00,360.3763591050851
2016-01-01 22:58:00+00:00,309.8717637242588
2016-01-01 22:59:00+00:00,292.198214533041
2016-01-01 23:00:00+00:00,292.198214533041
2016-01-01 23:01:00+00:00,292.198214533041
2016-01-01 23:02:00+00:00,292.198214533041
2016-01-01 23:03:00+00:00,292.198214533041
2016-01-01 23:04:00+00:00,292.198214533041
2016-01-01 23:05:00+00:00,292.198214533041
2016-01-01 23:06:00+00:00,292.198214533041
2016-01-01 23:07:00+00:00,292.198214533041
2016-01-01 23:08:00+00:00,292.198214533041
2016-01-01 23:09:00+00:00,292.198214533041
2016-01-01 23:10:00+00:00,292.198214533041
2016-01-01 23:11:00+00:00,292.198214533041
2016-01-01 23:12:00+00:00,292.198214533041
2016-01-01 23:13:00+00:00,292.198214533041
2016-01-01 23:14:00+00:00,292.198214533041
2016-01-01 23:15:00+00:00,292.198214533041
2016-01-01 23:16:00+00:00,292.198214533041
2016-01-01 23:17:00+00:00,292.198214533041
2016-01-01 23:18:00+00:00,292.198214533041
2016-01-01 23:19:00+00:00,292.198214533041
2016-01-01 23:20:00+00:00,292.198214533041
2016-01-01 23:21:00+00:00,292.198214533041
2016-01-01 23:22:00+00:00,292.198214533041
2016-01-01 23:23:00+00:00,292.198214533041
2016-01-01 23:24:00+00:00,292.198214533041
2016-01-01 23:25:00+00:00,292.198214533041
2016-01-01 23:26:00+00:00,292.198214533041
2016-01-01 23:27:00+00:00,292.198214533041
2016-01-01 23:28:00+00:00,292.198214533041
2016-01-01 23:29:00+00:00,292.198214533041
2016-01-01 23:30:00+00:00,292.198214533041
2016-01-01 23:31:00+00:00,292.198214533041
2016-01-01 23:32:00+00:00,292.198214533041
2016-01-01 23:33:00+00:00,292.198214533041
2016-01-01 23:34:00+00:00,292.198214533041
2016-01-01 23:35:00+00:00,292.198214533041
2016-01-01 23:36:00+00:00,292.198214533041
2016-01-01 23:37:00+00:00,292.198214533041
2016-01-01 23:38:00+00:00,292.198214533041
2016-01-01 23:39:00+00:00,292.198214533041
2016-01-01 23:40:00+00:00,292.198214533041
2016-01-01 23:41:00+00:00,292.198214533041
2016-01-01 23:42:00+00:00,292.198214533041
2016-01-01 23:43:00+00:00,292.198214533041
2016-01-01 23:44:00+00:00,292.198214533041
2016-01-01 23:45:00+00:00,292.198214533041
2016-01-01 23:46:00+00:00,292.198214533041
2016-01-01 23:47:00+00:00,292.198214533041
2016-01-01 23:48:00+00:00,292.198214533041
2016-01-01 23:49:00+00:00,292.198214533041
2016-01-01 23:50:00+00:00,292.198214533041
2016-01-01 23:51:00+00:00,292.198214533041
2016-01-01 23:52:00+00:00,292.198214533041
2016-01-01 23:53:00+00:00,292.198214533041
2016-01-01 23:54:00+00:00,292.198214533041
2016-01-01 23:55:00+00:00,292.198214533041
2016-01-01 23:56:00+00:00,292.198214533041
2016-01-01 23:57:00+00:00,292.198214533041
2016-01-01 23:58:00+00:00,292.198214533041
2016-01-01 23:59:00+00:00,292.198214533041
